Timestamp,Cam Durumu,Cam Sayisi
1,True,3
2,True,3
3,True,3
4,True,3
5,True,2
6,True,2
7,True,2
8,True,2
9,True,2
10,True,2
11,True,2
12,True,2
13,True,2
14,True,2
15,True,2
16,True,2
17,True,2
18,True,2
19,True,2
20,True,2
21,True,2
22,True,2
23,True,2
24,True,2
25,True,2
26,True,2
27,True,2
28,True,2
29,True,2
30,True,2
31,True,2
32,True,2
33,True,2
34,True,2
35,True,2
36,True,2
37,True,2
38,True,2
39,True,2
40,True,2
41,True,2
42,True,2
43,True,2
44,True,2
45,True,2
46,True,2
47,True,2
48,True,2
49,True,2
50,True,2
51,True,2
52,True,2
53,True,2
54,True,2
55,True,2
56,True,2
57,True,2
58,True,2
59,True,2
60,True,2
61,True,2
62,True,2
63,True,2
64,True,2
65,True,2
66,True,2
67,True,2
68,True,2
69,True,2
70,True,2
71,True,1
72,True,2
73,True,2
74,True,2
75,True,2
76,True,2
77,True,2
78,True,2
79,True,2
80,True,2
81,True,2
82,True,2
83,True,2
84,True,2
85,True,2
86,True,2
87,True,2
88,True,2
89,True,2
90,True,2
91,True,2
92,True,2
93,True,2
94,True,2
95,True,2
96,True,2
97,True,2
98,True,2
99,True,1
100,True,1
101,True,1
102,True,1
103,True,1
104,True,1
105,True,1
106,True,1
107,True,1
108,True,1
109,True,1
110,True,1
111,True,1
112,True,1
113,True,1
114,True,1
115,True,1
116,True,1
117,True,1
118,True,1
119,True,1
120,True,1
121,True,1
122,True,1
123,True,1
124,True,1
125,True,1
126,True,1
127,True,1
128,True,1
129,True,1
130,True,1
131,True,1
132,True,1
133,True,1
134,True,1
135,True,1
136,True,1
137,True,1
138,True,1
139,True,1
140,True,1
141,True,1
142,True,1
143,True,1
144,True,1
145,True,1
146,True,1
147,True,1
148,True,1
149,True,1
150,True,1
151,True,1
152,True,1
153,True,1
154,True,1
155,True,1
156,True,1
157,True,1
158,True,1
159,True,1
160,True,1
161,True,1
162,True,1
163,True,1
164,True,1
165,True,1
166,True,1
167,True,1
168,True,1
169,True,1
170,True,1
171,True,1
172,True,1
173,True,1
174,True,1
175,True,1
176,True,1
177,True,1
178,True,1
179,True,1
180,True,1
181,True,1
182,True,1
183,True,1
184,True,1
185,True,1
186,True,1
187,True,1
188,True,1
189,True,1
190,True,1
191,True,1
192,True,1
193,True,1
194,True,1
195,True,1
196,True,1
197,True,1
198,True,1
199,True,1
200,True,1
201,True,1
202,True,1
203,True,1
204,True,1
205,True,1
206,True,1
207,True,1
208,True,1
209,True,1
210,True,1
211,True,1
212,True,1
213,True,1
214,True,1
215,True,1
216,True,1
217,True,1
218,True,1
219,True,1
220,True,1
221,True,1
222,True,1
223,True,1
224,True,1
225,True,1
226,True,1
227,True,1
228,True,1
229,True,1
230,True,1
231,True,1
232,True,1
233,True,1
234,True,1
235,True,1
236,True,1
237,True,1
238,True,1
239,True,1
240,True,1
241,True,1
242,True,1
243,True,1
244,True,1
245,True,1
246,True,1
247,True,1
248,True,1
249,True,1
250,True,1
251,True,1
252,True,1
253,True,1
254,True,1
255,True,1
256,True,1
257,True,1
258,True,1
259,True,1
260,True,1
261,True,1
262,True,0
263,True,1
264,True,1
265,True,1
266,True,1
267,True,1
268,True,1
269,True,1
270,True,1
271,True,1
272,True,1
273,True,1
274,True,1
275,True,1
276,True,1
277,True,1
278,True,1
279,True,1
280,True,1
281,True,1
282,True,1
283,True,1
284,True,1
285,True,1
286,True,1
287,True,1
288,True,1
289,True,1
290,True,1
291,True,1
292,True,1
293,True,1
294,True,1
295,True,1
296,True,1
297,True,1
298,True,1
299,True,1
300,True,1
301,True,1
302,True,1
303,True,1
304,True,1
305,True,1
306,True,1
307,True,1
308,True,1
309,True,1
310,True,1
311,True,1
312,True,1
313,True,1
314,True,1
315,True,1
316,True,1
317,True,1
318,True,1
319,True,1
320,True,1
321,True,1
322,True,1
323,True,1
324,True,1
325,True,1
326,True,1
327,True,1
328,True,1
329,True,1
330,True,1
331,True,1
332,True,1
333,True,1
334,True,1
335,True,1
336,True,1
337,True,1
338,True,1
339,True,1
340,True,1
341,True,1
342,True,1
343,True,1
344,True,1
345,True,1
346,True,1
347,True,1
348,True,1
349,True,1
350,True,1
351,True,1
352,True,1
353,True,1
354,True,1
355,True,1
356,True,1
357,True,1
358,True,1
359,True,1
360,True,1
361,True,1
362,True,1
363,True,1
364,True,1
365,True,1
366,True,1
367,True,1
368,True,1
369,True,1
370,True,1
371,True,1
372,True,1
373,True,1
374,True,1
375,True,1
376,True,1
377,True,2
378,True,1
379,True,2
380,True,1
381,True,1
382,True,1
383,True,1
384,True,1
385,True,1
386,True,1
387,True,1
388,True,0
389,True,0
390,False,0
391,False,0
392,False,0
393,False,0
394,True,0
395,False,0
396,False,0
397,True,0
398,False,0
399,False,0
400,False,0
401,False,0
402,False,0
403,False,0
404,False,0
405,False,0
406,False,0
407,False,0
408,False,0
409,False,0
410,False,0
411,False,0
412,False,0
413,False,0
414,False,0
415,True,1
416,True,1
417,True,1
418,True,1
419,True,1
420,True,1
421,True,1
422,True,1
423,True,1
424,True,1
425,True,1
426,True,1
427,True,1
428,True,1
429,True,1
430,True,1
431,True,1
432,True,1
433,True,1
434,True,1
435,True,1
436,True,1
437,True,1
438,True,1
439,True,1
440,True,1
441,True,1
442,True,1
443,True,1
444,True,1
445,True,1
446,True,1
447,True,1
448,True,1
449,True,1
450,True,1
451,True,1
452,True,1
453,True,1
454,True,1
455,True,1
456,True,1
457,True,1
458,True,1
459,True,1
460,True,1
461,True,1
462,True,1
463,True,1
464,True,1
465,True,1
466,True,1
467,True,1
468,True,1
469,True,1
470,True,1
471,True,1
472,True,1
473,True,1
474,True,1
475,True,1
476,True,1
477,True,1
478,True,1
479,True,1
480,True,1
481,True,1
482,True,1
483,True,1
484,True,1
485,True,1
486,True,1
487,True,1
488,True,1
489,True,1
490,True,1
491,True,1
492,True,1
493,True,1
494,True,1
495,True,1
496,True,1
497,True,1
498,True,1
499,True,1
500,True,1
501,True,1
502,True,1
503,True,1
504,True,1
505,True,1
506,True,1
507,True,1
508,True,1
509,True,1
510,True,1
511,True,1
512,True,1
513,True,1
514,True,1
515,True,1
516,True,1
517,True,1
518,True,1
519,True,1
520,True,1
521,True,1
522,True,1
523,True,1
524,True,1
525,True,1
526,True,1
527,True,1
528,True,1
529,True,1
530,True,1
531,True,1
532,True,1
533,True,1
534,True,1
535,True,1
536,True,1
537,True,1
538,True,1
539,True,1
540,True,1
541,True,2
542,True,1
543,True,2
544,True,1
545,True,1
546,True,1
547,True,1
548,True,1
549,True,1
550,True,1
551,True,1
552,True,1
553,True,1
554,True,1
555,True,1
556,True,1
557,True,1
558,True,1
559,True,1
560,True,1
561,True,1
562,True,1
563,True,1
564,True,1
565,True,1
566,True,1
567,True,1
568,True,1
569,True,1
570,True,1
571,True,1
572,True,1
573,True,1
574,True,1
575,True,1
576,True,1
577,True,1
578,True,1
579,True,1
580,True,1
581,True,1
582,True,1
583,True,1
584,True,1
585,True,1
586,True,1
587,True,1
588,True,1
589,True,1
590,True,1
591,True,1
592,True,1
593,True,1
594,True,1
595,True,1
596,True,1
597,True,1
598,True,1
599,True,1
600,True,1
601,True,1
602,True,1
603,True,1
604,True,1
605,True,1
606,True,1
607,True,1
608,True,1
609,True,1
610,True,1
611,True,1
612,True,1
613,True,1
614,True,1
615,True,1
616,True,1
617,True,1
618,True,1
619,True,1
620,True,1
621,True,1
622,True,1
623,True,1
624,True,1
625,True,1
626,True,1
627,True,1
628,True,1
629,True,1
630,True,1
631,True,1
632,True,1
633,True,1
634,True,1
635,True,1
636,True,1
637,True,1
638,True,1
639,True,1
640,True,1
641,True,1
642,True,1
643,True,1
644,True,1
645,True,1
646,True,1
647,True,1
648,True,1
649,True,1
650,True,1
651,True,1
652,True,1
653,True,1
654,True,1
655,True,1
656,True,1
657,True,1
658,True,1
659,True,1
660,True,1
661,True,1
662,True,1
663,True,1
664,True,1
665,True,1
666,True,1
667,True,1
668,True,1
669,True,1
670,True,1
671,True,1
672,True,1
673,True,1
674,True,1
675,True,1
676,True,1
677,True,1
678,True,1
679,True,1
680,True,1
681,True,1
682,True,1
683,True,1
684,True,1
685,True,1
686,True,1
687,True,1
688,True,1
689,True,1
690,True,1
691,True,1
692,True,1
693,True,1
694,True,1
695,True,1
696,True,1
697,True,1
698,True,1
699,True,1
700,True,1
701,True,1
702,True,1
703,True,1
704,True,1
705,True,1
706,True,1
707,True,1
708,True,1
709,True,1
710,True,1
711,True,1
712,True,1
713,True,1
714,True,1
715,True,1
716,True,1
717,True,1
718,True,1
719,True,1
720,True,1
721,True,1
722,True,1
723,True,1
724,True,1
725,True,1
726,True,1
727,True,1
728,True,1
729,True,1
730,True,1
731,True,1
732,True,1
733,True,1
734,True,1
735,True,1
736,True,1
737,True,1
738,True,1
739,True,1
740,True,1
741,True,1
742,True,1
743,True,1
744,True,1
745,True,1
746,True,1
747,True,1
748,True,1
749,True,1
750,True,1
751,True,1
752,True,1
753,True,1
754,True,1
755,True,1
756,True,1
757,True,1
758,True,1
759,True,1
760,True,1
761,True,1
762,True,1
763,True,1
764,True,1
765,True,1
766,True,1
767,True,1
768,True,1
769,True,1
770,True,1
771,True,1
772,True,1
773,True,1
774,True,1
775,True,1
776,True,1
777,True,1
778,True,1
779,True,1
780,True,1
781,True,1
782,True,1
783,True,1
784,True,1
785,True,1
786,True,1
787,True,1
788,True,1
789,True,1
790,True,1
791,True,1
792,True,1
793,True,1
794,True,1
795,True,1
796,True,1
797,True,1
798,True,1
799,True,1
800,True,1
801,True,1
802,True,1
803,True,1
804,True,1
805,True,1
806,True,1
807,True,1
808,True,1
809,True,1
810,True,1
811,True,1
812,True,1
813,True,1
814,True,1
815,True,1
816,True,1
817,True,1
818,True,1
819,True,1
820,True,1
821,True,1
822,True,1
823,True,1
824,True,1
825,True,1
826,True,1
827,True,1
828,True,1
829,True,1
830,True,1
831,True,1
832,True,1
833,True,1
834,True,1
835,True,1
836,True,1
837,True,1
838,True,1
839,True,1
840,True,1
841,True,1
842,True,1
843,True,1
844,True,1
845,True,1
846,True,1
847,True,1
848,True,1
849,True,1
850,True,1
851,True,1
852,True,1
853,True,1
854,True,1
855,True,1
856,True,1
857,True,1
858,True,1
859,True,1
860,True,1
861,True,1
862,True,1
863,True,1
864,True,1
865,True,1
866,True,1
867,True,1
868,True,1
869,True,1
870,True,1
871,True,1
872,True,1
873,True,1
874,True,1
875,True,1
876,True,1
877,False,0
878,True,1
879,True,1
880,True,1
881,True,1
882,True,0
883,True,1
884,True,1
885,True,1
886,True,0
887,True,2
888,True,1
889,True,1
890,True,1
891,True,1
892,True,1
893,True,1
894,True,1
895,True,1
896,True,1
897,True,1
898,True,1
899,False,0
900,False,0
901,False,0
902,False,0
903,False,0
904,False,0
905,True,0
906,False,0
907,False,0
908,True,0
909,True,1
910,True,1
911,False,0
912,False,0
913,False,0
914,False,0
915,False,0
916,False,0
917,False,0
918,False,0
919,False,0
920,False,0
921,False,0
922,False,0
923,False,0
924,False,0
925,True,0
926,False,0
927,False,0
928,False,0
929,False,0
930,False,0
931,False,0
932,False,0
933,False,0
934,False,0
935,False,0
936,False,0
937,False,0
938,False,0
939,False,0
940,False,0
941,False,0
942,False,0
943,False,0
944,True,0
945,False,0
946,False,0
947,False,0
948,False,0
949,False,0
950,False,0
951,True,1
952,False,0
953,True,1
954,True,1
955,False,0
956,False,0
957,False,0
958,False,0
959,False,0
960,False,0
961,True,1
962,True,1
963,True,1
964,True,1
965,True,1
966,True,1
967,True,1
968,True,1
969,True,1
970,True,1
971,True,1
972,True,1
973,True,1
974,True,1
975,True,1
976,True,1
977,True,1
978,True,1
979,True,1
980,True,1
981,True,1
982,True,1
983,True,1
984,True,1
985,True,1
986,True,1
987,True,1
988,True,1
989,True,1
990,True,1
991,True,1
992,True,1
993,True,1
994,True,1
995,True,1
996,True,1
997,True,1
998,True,1
999,True,1
1000,True,1
1001,True,1
1002,True,1
1003,True,1
1004,True,1
1005,True,1
1006,True,1
1007,True,1
1008,True,1
1009,True,1
1010,True,1
1011,True,1
1012,True,1
1013,True,1
1014,True,1
1015,True,1
1016,True,1
1017,True,1
1018,True,1
1019,True,1
1020,True,1
1021,True,1
1022,True,1
1023,True,1
1024,True,1
1025,True,1
1026,True,1
1027,True,1
1028,True,1
1029,True,1
1030,True,1
1031,True,1
1032,True,1
1033,True,1
1034,True,1
1035,True,1
1036,True,1
1037,True,1
1038,True,1
1039,True,1
1040,True,1
1041,True,1
1042,True,1
1043,True,1
1044,True,1
1045,True,1
1046,True,1
1047,True,1
1048,True,1
1049,True,1
1050,True,1
1051,True,1
1052,True,1
1053,True,1
1054,True,1
1055,True,1
1056,True,1
1057,True,1
1058,True,1
1059,True,1
1060,True,1
1061,True,1
1062,True,1
1063,True,1
1064,True,1
1065,True,1
1066,True,1
1067,True,1
1068,True,1
1069,True,1
1070,True,1
1071,True,1
1072,True,1
1073,True,1
1074,True,1
1075,True,1
1076,True,1
1077,True,1
1078,True,1
1079,True,1
1080,True,1
1081,True,1
1082,True,1
1083,True,1
1084,True,1
1085,True,1
1086,True,1
1087,True,1
1088,True,1
1089,True,1
1090,True,1
1091,True,1
1092,True,1
1093,True,1
1094,True,1
1095,True,1
1096,True,1
1097,True,1
1098,True,1
1099,True,1
1100,True,1
1101,True,1
1102,True,1
1103,True,1
1104,True,1
1105,True,1
1106,True,1
1107,True,1
1108,True,1
1109,True,1
1110,True,1
1111,True,1
1112,True,1
1113,True,1
1114,True,1
1115,True,1
1116,True,1
1117,True,1
1118,True,1
1119,True,1
1120,True,1
1121,True,1
1122,True,1
1123,True,1
1124,True,1
1125,True,1
1126,True,1
1127,True,1
1128,True,1
1129,True,1
1130,True,1
1131,True,1
1132,True,1
1133,True,1
1134,True,1
1135,True,1
1136,True,1
1137,True,1
1138,True,1
1139,True,1
1140,True,1
1141,True,1
1142,True,1
1143,True,1
1144,True,1
1145,True,1
1146,True,1
1147,True,1
1148,True,1
1149,True,1
1150,True,1
1151,True,1
1152,True,1
1153,True,1
1154,True,1
1155,True,1
1156,True,1
1157,True,1
1158,True,1
1159,True,1
1160,True,1
1161,True,1
1162,True,1
1163,True,1
1164,True,1
1165,True,1
1166,True,1
1167,True,1
1168,True,1
1169,True,1
1170,True,1
1171,True,1
1172,True,1
1173,True,1
1174,True,1
1175,True,1
1176,True,1
1177,True,1
1178,True,1
1179,True,1
1180,True,1
1181,True,1
1182,True,1
1183,True,1
1184,True,1
1185,True,1
1186,True,1
1187,True,1
1188,True,1
1189,True,1
1190,True,1
1191,True,1
1192,True,1
1193,True,1
1194,True,1
1195,True,1
1196,True,1
1197,True,1
1198,True,1
1199,True,1
1200,True,1
1201,True,3
1202,True,2
1203,True,2
1204,True,2
1205,True,2
1206,True,2
1207,True,2
1208,True,2
1209,True,3
1210,True,2
1211,True,2
1212,True,2
1213,True,2
1214,True,3
1215,True,2
1216,True,2
1217,True,2
1218,True,2
1219,True,1
1220,True,2
1221,True,2
1222,True,2
1223,True,2
1224,True,2
1225,True,2
1226,True,2
1227,True,2
1228,True,2
1229,True,2
1230,True,1
1231,True,2
1232,True,1
1233,True,2
1234,True,2
1235,True,2
1236,True,2
1237,True,1
1238,True,1
1239,True,2
1240,True,1
1241,True,1
1242,True,1
1243,True,1
1244,True,1
1245,True,1
1246,True,1
1247,True,1
1248,True,1
1249,True,1
1250,True,1
1251,True,1
1252,True,1
1253,True,1
1254,True,1
1255,True,1
1256,True,1
1257,True,1
1258,True,1
1259,True,1
1260,True,1
1261,True,1
1262,True,1
1263,True,1
1264,True,1
1265,True,1
1266,True,1
1267,True,1
1268,True,1
1269,True,1
1270,True,1
1271,True,1
1272,True,1
1273,True,1
1274,True,1
1275,True,1
1276,True,1
1277,True,1
1278,True,1
1279,True,1
1280,True,1
1281,True,1
1282,True,1
1283,True,1
1284,True,1
1285,True,1
1286,True,1
1287,True,1
1288,True,1
1289,True,1
1290,True,1
1291,True,1
1292,True,1
1293,True,1
1294,True,1
1295,True,1
1296,True,1
1297,True,1
1298,True,1
1299,True,1
1300,True,1
1301,True,1
1302,True,1
1303,True,1
1304,True,1
1305,True,1
1306,True,1
1307,True,1
1308,True,1
1309,True,1
1310,True,1
1311,True,1
1312,True,1
1313,True,1
1314,True,1
1315,True,1
1316,True,1
1317,True,1
1318,True,1
1319,True,1
1320,True,1
1321,True,1
1322,True,1
1323,True,1
1324,True,1
1325,True,1
1326,True,1
1327,True,1
1328,True,1
1329,True,1
1330,True,1
1331,True,1
1332,True,1
1333,True,1
1334,True,1
1335,True,1
1336,True,1
1337,True,1
1338,True,1
1339,True,1
1340,True,1
1341,True,1
1342,True,1
1343,True,1
1344,True,1
1345,True,1
1346,True,0
1347,True,0
1348,True,0
1349,True,1
1350,True,0
1351,False,0
1352,False,0
1353,False,0
1354,True,1
1355,True,1
1356,True,1
1357,True,1
1358,True,1
1359,True,1
1360,True,1
1361,True,1
1362,True,1
1363,True,1
1364,True,1
1365,True,1
1366,True,1
1367,True,1
1368,True,1
1369,True,1
1370,True,1
1371,True,1
1372,True,1
1373,True,1
1374,True,1
1375,True,1
1376,True,1
1377,True,1
1378,True,1
1379,True,1
1380,True,1
1381,True,1
1382,True,1
1383,True,1
1384,True,1
1385,True,1
1386,True,1
1387,True,1
1388,True,1
1389,True,1
1390,True,1
1391,True,1
1392,True,1
1393,True,1
1394,True,1
1395,True,1
1396,True,1
1397,True,1
1398,True,1
1399,True,1
1400,True,1
1401,True,1
1402,True,1
1403,True,1
1404,True,1
1405,True,1
1406,True,1
1407,True,1
1408,True,1
1409,True,1
1410,True,1
1411,True,1
1412,True,1
1413,True,1
1414,True,1
1415,True,1
1416,True,1
1417,True,1
1418,True,1
1419,True,1
1420,True,1
1421,True,1
1422,True,1
1423,True,1
1424,True,1
1425,True,1
1426,True,1
1427,True,1
1428,True,1
1429,True,1
1430,True,1
1431,True,1
1432,True,1
1433,True,1
1434,True,1
1435,True,1
1436,True,1
1437,True,1
1438,True,1
1439,True,1
1440,True,1
1441,True,1
1442,True,1
1443,True,1
1444,True,1
1445,True,1
1446,True,1
1447,True,1
1448,True,1
1449,True,1
1450,True,1
1451,True,1
1452,True,1
1453,True,1
1454,True,1
1455,True,1
1456,True,1
1457,True,1
1458,True,1
1459,True,1
1460,True,1
1461,True,1
1462,True,1
1463,True,1
1464,True,1
1465,True,1
1466,True,1
1467,True,1
1468,True,1
1469,True,1
1470,True,1
1471,True,1
1472,True,1
1473,True,1
1474,True,1
1475,True,1
1476,True,1
1477,True,1
1478,True,1
1479,True,1
1480,True,1
1481,True,1
1482,True,1
1483,True,1
1484,True,1
1485,True,1
1486,True,1
1487,True,1
1488,True,1
1489,True,1
1490,True,1
1491,True,1
1492,True,1
1493,True,1
1494,True,1
1495,True,1
1496,True,1
1497,True,1
1498,True,1
1499,True,1
1500,True,1
1501,True,1
1502,True,1
1503,True,1
1504,True,1
1505,True,1
1506,True,1
1507,True,1
1508,True,1
1509,True,1
1510,True,1
1511,True,1
1512,True,1
1513,True,1
1514,True,1
1515,True,1
1516,True,1
1517,True,1
1518,True,1
1519,True,1
1520,True,1
1521,True,1
1522,True,1
1523,True,1
1524,True,1
1525,True,1
1526,True,1
1527,True,1
1528,True,1
1529,True,1
1530,True,1
1531,True,1
1532,True,1
1533,True,1
1534,True,1
1535,True,1
1536,True,1
1537,True,1
1538,True,1
1539,True,1
1540,True,1
1541,True,1
1542,True,1
1543,True,2
1544,True,2
1545,True,2
1546,True,2
1547,True,1
1548,True,2
1549,True,2
1550,True,1
1551,True,1
1552,True,1
1553,True,1
1554,True,2
1555,True,2
1556,True,2
1557,True,2
1558,True,2
1559,True,2
1560,True,1
1561,True,2
1562,True,1
1563,True,1
1564,True,2
1565,True,1
1566,True,1
1567,True,1
1568,True,1
1569,True,1
1570,True,1
1571,True,1
1572,True,1
1573,True,1
1574,True,1
1575,True,1
1576,True,1
1577,True,1
1578,True,1
1579,True,1
1580,True,1
1581,True,1
1582,True,1
1583,True,1
1584,True,0
1585,True,1
1586,True,1
1587,True,1
1588,True,1
1589,True,1
1590,True,1
1591,True,0
1592,True,0
1593,True,1
1594,True,1
1595,True,1
1596,True,1
1597,True,1
1598,True,1
1599,True,1
1600,True,1
1601,True,1
1602,True,1
1603,True,1
1604,True,1
1605,True,1
1606,True,1
1607,True,1
1608,True,1
1609,True,1
1610,True,1
1611,True,1
1612,True,1
1613,True,1
1614,True,1
1615,True,1
1616,True,1
1617,True,1
1618,True,1
1619,True,1
1620,True,1
1621,True,1
1622,True,1
1623,True,1
1624,True,1
1625,True,1
1626,True,1
1627,True,1
1628,True,1
1629,True,1
1630,True,1
1631,True,1
1632,True,1
1633,True,1
1634,True,1
1635,True,1
1636,True,1
1637,True,0
1638,True,0
1639,True,1
1640,True,1
1641,True,1
1642,True,1
1643,True,1
1644,True,1
1645,True,1
1646,True,1
1647,True,1
1648,True,1
1649,True,1
1650,True,1
1651,True,1
1652,True,1
1653,True,1
1654,True,1
1655,True,1
1656,True,1
1657,True,1
1658,True,1
1659,True,1
1660,True,1
1661,True,1
1662,True,1
1663,True,1
1664,True,1
1665,True,1
1666,True,1
1667,True,1
1668,True,1
1669,True,1
1670,True,1
1671,True,0
1672,True,1
1673,True,1
1674,True,1
1675,True,1
1676,True,1
1677,True,1
1678,True,1
1679,True,1
1680,True,1
1681,True,1
1682,True,1
1683,True,1
1684,True,1
1685,True,1
1686,True,1
1687,True,1
1688,True,1
1689,True,1
1690,True,1
1691,True,1
1692,True,1
1693,True,1
1694,True,1
1695,True,1
1696,True,1
1697,True,1
1698,True,1
1699,True,1
1700,True,1
1701,True,1
1702,True,1
1703,True,1
1704,True,1
1705,True,1
1706,True,1
1707,True,1
1708,True,1
1709,True,1
1710,True,1
1711,True,1
1712,True,1
1713,True,1
1714,True,1
1715,True,1
1716,True,1
1717,True,1
1718,True,1
1719,True,1
1720,True,1
1721,True,1
1722,True,1
1723,True,1
1724,True,1
1725,True,1
1726,True,1
1727,True,1
1728,True,1
1729,True,1
1730,True,1
1731,True,1
1732,True,1
1733,True,1
1734,True,1
1735,True,1
1736,True,1
1737,True,1
1738,True,1
1739,True,1
1740,True,1
1741,True,1
1742,True,1
1743,True,1
1744,True,1
1745,True,1
1746,True,1
1747,True,1
1748,True,1
1749,True,1
1750,True,1
1751,True,1
1752,True,1
1753,True,1
1754,True,1
1755,True,1
1756,True,1
1757,True,1
1758,True,1
1759,True,1
1760,True,1
1761,True,1
1762,True,1
1763,True,1
1764,True,1
1765,True,1
1766,True,1
1767,True,1
1768,True,1
1769,True,1
1770,True,1
1771,True,1
1772,True,1
1773,True,1
1774,True,1
1775,True,1
1776,True,1
1777,True,1
1778,True,1
1779,True,1
1780,True,1
1781,True,1
1782,True,1
1783,True,1
1784,True,1
1785,True,1
1786,True,1
1787,True,1
1788,True,1
1789,True,1
1790,True,1
1791,True,1
1792,True,1
1793,True,0
1794,True,1
1795,True,1
1796,True,1
1797,True,1
1798,True,1
1799,True,1
1800,True,1
1801,True,1
1802,True,1
1803,True,1
1804,True,1
1805,True,1
1806,True,1
1807,True,1
1808,True,1
1809,True,1
1810,True,1
1811,True,1
1812,True,1
1813,True,1
1814,True,1
1815,True,1
1816,True,1
1817,True,1
1818,True,1
1819,True,1
1820,True,1
1821,True,1
1822,True,1
1823,True,1
1824,True,1
1825,True,1
1826,True,1
1827,True,1
1828,True,1
1829,True,1
1830,True,1
1831,True,1
1832,True,1
1833,True,1
1834,True,1
1835,True,1
1836,True,1
1837,True,1
1838,True,1
1839,True,1
1840,True,1
1841,True,1
1842,True,1
1843,True,1
1844,True,1
1845,True,1
1846,True,1
1847,True,1
1848,True,1
1849,True,1
1850,True,1
1851,True,1
1852,True,1
1853,True,1
1854,True,1
1855,True,1
1856,True,1
1857,True,1
1858,True,1
1859,True,1
1860,True,1
1861,True,1
1862,True,1
1863,True,1
1864,True,1
1865,True,1
1866,True,1
1867,True,1
1868,True,1
1869,True,1
1870,True,1
1871,True,1
1872,True,1
1873,True,1
1874,True,1
1875,True,1
1876,True,1
1877,True,1
1878,True,1
1879,True,1
1880,True,1
1881,True,1
1882,True,1
1883,True,1
1884,True,1
1885,True,1
1886,True,1
1887,True,1
1888,True,1
1889,True,1
1890,True,1
1891,True,1
1892,True,1
1893,True,1
1894,True,1
1895,True,1
1896,True,1
1897,True,1
1898,True,1
1899,True,1
1900,True,1
1901,True,1
1902,True,1
1903,True,1
1904,True,1
1905,True,1
1906,True,1
1907,True,1
1908,True,1
1909,True,1
1910,True,1
1911,True,1
1912,True,1
1913,True,1
1914,True,1
1915,True,1
1916,True,1
1917,True,1
1918,True,1
1919,True,1
1920,True,1
1921,True,1
1922,True,1
1923,True,1
1924,True,1
1925,True,1
1926,True,1
1927,True,1
1928,True,1
1929,True,1
1930,True,1
1931,True,1
1932,True,1
1933,True,1
1934,True,1
1935,True,1
1936,True,1
1937,True,1
1938,True,1
1939,True,1
1940,True,1
1941,True,1
1942,True,1
1943,True,1
1944,True,1
1945,True,1
1946,True,1
1947,True,1
1948,True,1
1949,True,1
1950,True,1
1951,True,1
1952,True,1
1953,True,1
1954,True,1
1955,True,1
1956,True,1
1957,True,1
1958,True,1
1959,True,1
1960,True,1
1961,True,1
1962,True,1
1963,True,1
1964,True,1
1965,True,1
1966,True,1
1967,True,1
1968,True,1
1969,True,1
1970,True,1
1971,True,1
1972,True,1
1973,True,1
1974,True,1
1975,True,1
1976,True,1
1977,True,1
1978,True,1
1979,True,1
1980,True,1
1981,True,1
1982,True,1
1983,True,1
1984,True,1
1985,True,1
1986,True,1
1987,True,1
1988,True,1
1989,True,1
1990,True,1
1991,True,1
1992,True,1
1993,True,1
1994,True,1
1995,True,1
1996,True,1
1997,True,1
1998,True,1
1999,True,1
2000,True,1
2001,True,1
2002,True,1
2003,True,1
2004,True,1
2005,True,1
2006,True,1
2007,True,1
2008,True,1
2009,True,1
2010,True,1
2011,True,1
2012,True,1
2013,True,1
2014,True,1
2015,True,1
2016,True,1
2017,True,1
2018,True,1
2019,True,1
2020,True,1
2021,True,1
2022,True,1
2023,True,2
2024,True,2
2025,True,2
2026,True,2
2027,True,2
2028,True,2
2029,True,2
2030,True,2
2031,True,2
2032,True,2
2033,True,2
2034,True,2
2035,True,2
2036,True,2
2037,True,2
2038,True,2
2039,True,2
2040,True,2
2041,True,2
2042,True,1
2043,True,1
2044,True,1
2045,True,1
2046,True,1
2047,True,1
2048,True,1
2049,True,1
2050,True,1
2051,True,1
2052,True,1
2053,True,1
2054,True,1
2055,True,1
2056,True,1
2057,True,1
2058,True,1
2059,True,1
2060,True,1
2061,True,1
2062,True,1
2063,True,1
2064,True,0
2065,True,1
2066,True,0
2067,True,0
2068,True,0
2069,True,0
2070,True,0
2071,False,0
2072,False,0
2073,True,0
2074,True,0
2075,True,0
2076,True,0
2077,False,0
2078,False,0
2079,True,0
2080,True,0
2081,True,1
2082,False,0
2083,False,0
2084,True,0
2085,False,0
2086,False,0
2087,True,0
2088,False,0
2089,True,0
2090,True,0
2091,True,1
2092,True,1
2093,True,0
2094,True,0
2095,True,0
2096,True,0
2097,True,0
2098,True,0
2099,True,0
2100,False,0
2101,False,0
2102,False,0
2103,True,0
2104,False,0
2105,True,0
2106,True,0
2107,False,0
2108,False,0
2109,True,0
2110,True,0
2111,True,0
2112,True,1
2113,True,0
2114,True,0
2115,True,0
2116,True,0
2117,True,1
2118,True,1
2119,True,0
2120,True,0
2121,False,0
2122,False,0
2123,False,0
2124,True,0
2125,False,0
2126,False,0
2127,False,0
2128,False,0
2129,False,0
2130,False,0
2131,True,0
2132,True,0
2133,False,0
2134,False,0
2135,False,0
2136,False,0
2137,False,0
2138,False,0
2139,True,1
2140,True,1
2141,True,1
2142,True,1
2143,True,1
2144,True,1
2145,True,1
2146,True,1
2147,True,1
2148,True,1
2149,True,1
2150,True,1
2151,True,1
2152,True,1
2153,True,1
2154,True,1
2155,True,1
2156,True,1
2157,True,1
2158,True,1
2159,True,1
2160,True,1
2161,True,1
2162,True,1
2163,True,1
2164,True,1
2165,True,1
2166,True,1
2167,True,1
2168,True,1
2169,True,1
2170,True,1
2171,True,1
2172,True,1
2173,True,1
2174,True,1
2175,True,1
2176,True,1
2177,True,1
2178,True,1
2179,True,1
2180,True,1
2181,True,1
2182,True,1
2183,True,1
2184,True,1
2185,True,1
2186,True,1
2187,True,1
2188,True,1
2189,True,1
2190,True,1
2191,True,1
2192,True,1
2193,True,1
2194,True,1
2195,True,1
2196,True,1
2197,True,1
2198,True,1
2199,True,1
2200,True,1
2201,True,1
2202,True,1
2203,True,1
2204,True,1
2205,True,1
2206,True,1
2207,True,1
2208,True,1
2209,True,1
2210,True,1
2211,True,1
2212,True,1
2213,True,1
2214,True,1
2215,True,1
2216,True,1
2217,True,1
2218,True,1
2219,True,1
2220,True,1
2221,True,1
2222,True,1
2223,True,1
2224,True,1
2225,True,1
2226,True,1
2227,True,1
2228,True,1
2229,True,1
2230,True,1
2231,True,1
2232,True,1
2233,True,1
2234,True,1
2235,True,1
2236,True,1
2237,True,1
2238,True,1
2239,True,1
2240,True,1
2241,True,1
2242,True,1
2243,True,1
2244,True,1
2245,True,1
2246,True,1
2247,True,1
2248,True,1
2249,True,1
2250,True,1
2251,True,1
2252,True,1
2253,True,1
2254,True,1
2255,True,1
2256,True,1
2257,True,1
2258,True,1
2259,True,1
2260,True,1
2261,True,1
2262,True,1
2263,True,1
2264,True,1
2265,True,1
2266,True,1
2267,True,1
2268,True,1
2269,True,1
2270,True,1
2271,True,1
2272,True,1
2273,True,1
2274,True,1
2275,True,1
2276,True,1
2277,True,1
2278,True,1
2279,True,1
2280,True,1
2281,True,1
2282,True,1
2283,True,1
2284,True,1
2285,True,1
2286,True,1
2287,True,1
2288,True,1
2289,True,1
2290,True,1
2291,True,1
2292,True,1
2293,True,1
2294,True,1
2295,True,1
2296,True,1
2297,True,1
2298,True,1
2299,True,1
2300,True,1
2301,True,1
2302,True,1
2303,True,1
2304,True,1
2305,True,1
2306,True,1
2307,True,1
2308,True,1
2309,True,1
2310,True,1
2311,True,1
2312,True,1
2313,True,1
2314,True,1
2315,True,1
2316,True,1
2317,True,1
2318,True,1
2319,True,1
2320,True,1
2321,True,1
2322,True,1
2323,True,1
2324,True,1
2325,True,1
2326,True,1
2327,True,1
2328,True,1
2329,True,1
2330,True,1
2331,True,1
2332,True,1
2333,True,1
2334,True,1
2335,True,1
2336,True,1
2337,True,1
2338,True,1
2339,True,1
2340,True,1
2341,True,1
2342,True,1
2343,True,1
2344,True,1
2345,True,1
2346,True,1
2347,True,1
2348,True,1
2349,True,1
2350,True,1
2351,True,1
2352,True,1
2353,True,1
2354,True,1
2355,True,1
2356,True,1
2357,True,1
2358,True,1
2359,True,1
2360,True,1
2361,True,1
2362,True,1
2363,True,1
2364,True,1
2365,True,1
2366,True,1
2367,True,1
2368,True,1
2369,True,1
2370,True,1
2371,True,1
2372,True,1
2373,True,1
2374,True,1
2375,True,1
2376,True,1
2377,True,1
2378,True,1
2379,True,1
2380,True,1
2381,True,1
2382,True,1
2383,True,1
2384,True,1
2385,True,1
2386,True,1
2387,True,1
2388,True,1
2389,True,1
2390,True,1
2391,True,1
2392,True,1
2393,True,1
2394,True,1
2395,True,1
2396,True,1
2397,True,1
2398,True,1
2399,True,1
2400,True,1
2401,True,1
2402,True,1
2403,True,1
2404,True,1
2405,True,1
2406,True,1
2407,True,1
2408,True,1
2409,True,1
2410,True,1
2411,True,1
2412,True,1
2413,True,1
2414,True,1
2415,True,1
2416,True,1
2417,True,1
2418,True,1
2419,True,1
2420,True,1
2421,True,1
2422,True,1
2423,True,1
2424,True,1
2425,True,1
2426,True,1
2427,True,1
2428,True,1
2429,True,1
2430,True,1
2431,True,1
2432,True,1
2433,True,1
2434,True,1
2435,True,1
2436,True,1
2437,True,1
2438,True,1
2439,True,1
2440,True,1
2441,True,1
2442,True,1
2443,True,1
2444,True,1
2445,True,1
2446,True,1
2447,True,1
2448,True,1
2449,True,1
2450,True,1
2451,True,1
2452,True,1
2453,True,1
2454,True,1
2455,True,1
2456,True,1
2457,True,1
2458,True,1
2459,True,1
2460,True,1
2461,True,1
2462,True,1
2463,True,1
2464,True,1
2465,True,1
2466,True,1
2467,True,1
2468,True,1
2469,True,1
2470,True,1
2471,True,1
2472,True,1
2473,True,1
2474,True,1
2475,True,1
2476,True,1
2477,True,1
2478,True,1
2479,True,1
2480,True,1
2481,True,1
2482,True,1
2483,True,1
2484,True,1
2485,True,1
2486,True,1
2487,True,1
2488,True,1
2489,True,1
2490,True,1
2491,True,1
2492,True,1
2493,True,1
2494,True,1
2495,True,1
2496,True,1
2497,True,1
2498,True,1
2499,True,1
2500,True,1
2501,True,1
2502,True,1
2503,True,1
2504,True,1
2505,True,1
2506,True,1
2507,True,1
2508,True,1
2509,True,1
2510,True,1
2511,True,1
2512,True,1
2513,True,1
2514,True,1
2515,True,1
2516,True,1
2517,True,1
2518,True,1
2519,True,1
2520,True,1
2521,True,1
2522,True,1
2523,True,1
2524,True,1
2525,True,1
2526,True,1
2527,True,1
2528,True,1
2529,True,1
2530,True,1
2531,True,1
2532,True,1
2533,True,1
2534,True,1
2535,True,1
2536,True,1
2537,True,1
2538,True,1
2539,True,1
2540,True,1
2541,True,1
2542,True,1
2543,True,1
2544,True,1
2545,True,1
2546,True,1
2547,True,1
2548,True,1
2549,True,1
2550,True,1
2551,True,1
2552,True,1
2553,True,1
2554,True,1
2555,True,1
2556,True,1
2557,True,1
2558,True,1
2559,True,1
2560,True,1
2561,True,1
2562,True,1
2563,True,1
2564,True,1
2565,True,1
2566,True,1
2567,True,1
2568,True,1
2569,True,1
2570,True,1
2571,True,1
2572,True,1
2573,True,1
2574,True,1
2575,True,1
2576,True,1
2577,True,1
2578,True,1
2579,True,1
2580,True,0
2581,True,1
2582,True,1
2583,True,1
2584,True,1
2585,True,1
2586,True,1
2587,True,1
2588,True,1
2589,True,1
2590,True,1
2591,True,1
2592,True,1
2593,True,1
2594,True,1
2595,True,1
2596,True,1
2597,True,1
2598,True,1
2599,True,1
2600,True,1
2601,True,1
2602,True,1
2603,True,1
2604,True,1
2605,True,1
2606,True,1
2607,True,1
2608,True,1
2609,True,1
2610,True,1
2611,True,1
2612,True,1
2613,True,1
2614,True,1
2615,True,1
2616,True,1
2617,True,1
2618,True,1
2619,True,1
2620,True,1
2621,True,1
2622,True,1
2623,True,1
2624,True,1
2625,True,1
2626,True,1
2627,True,1
2628,True,1
2629,True,1
2630,True,1
2631,True,1
2632,True,1
2633,True,1
2634,True,1
2635,True,1
2636,True,1
2637,True,1
2638,True,1
2639,True,1
2640,True,1
2641,True,1
2642,True,1
2643,True,1
2644,True,1
2645,True,1
2646,True,1
2647,True,1
2648,True,1
2649,True,1
2650,True,1
2651,True,1
2652,True,1
2653,True,1
2654,True,1
2655,True,1
2656,True,1
2657,True,1
2658,True,1
2659,True,1
2660,True,1
2661,True,1
2662,True,1
2663,True,1
2664,True,1
2665,True,1
2666,True,2
2667,True,2
2668,True,2
2669,True,2
2670,True,2
2671,True,2
2672,True,2
2673,True,2
2674,True,2
2675,True,2
2676,True,2
2677,True,2
2678,True,2
2679,True,2
2680,True,2
2681,True,2
2682,True,2
2683,True,2
2684,True,2
2685,True,2
2686,True,2
2687,True,2
2688,True,2
2689,True,2
2690,True,2
2691,True,2
2692,True,2
2693,True,2
2694,True,2
2695,True,2
2696,True,2
2697,True,2
2698,True,2
2699,True,2
2700,True,2
2701,True,2
2702,True,2
2703,True,2
2704,True,2
2705,True,2
2706,True,2
2707,True,2
2708,True,2
2709,True,2
2710,True,2
2711,True,2
2712,True,2
2713,True,2
2714,True,2
2715,True,2
2716,True,2
2717,True,2
2718,True,2
2719,True,2
2720,True,2
2721,True,2
2722,True,2
2723,True,2
2724,True,2
2725,True,2
2726,True,2
2727,True,1
2728,True,1
2729,True,1
2730,True,1
2731,True,1
2732,True,1
2733,True,1
2734,True,1
2735,True,1
2736,True,1
2737,True,0
2738,True,1
2739,True,1
2740,True,1
2741,True,1
2742,True,1
2743,True,1
2744,True,1
2745,True,1
2746,True,1
2747,True,1
2748,True,1
2749,True,1
2750,True,1
2751,True,1
2752,True,1
2753,True,1
2754,True,1
2755,True,1
2756,True,1
2757,True,1
2758,True,1
2759,True,1
2760,True,1
2761,True,1
2762,True,1
2763,True,1
2764,True,1
2765,True,1
2766,True,1
2767,True,1
2768,True,1
2769,True,1
2770,True,1
2771,True,1
2772,True,1
2773,True,1
2774,True,1
2775,True,1
2776,True,1
2777,True,1
2778,True,1
2779,True,1
2780,True,1
2781,True,1
2782,True,1
2783,True,1
2784,True,1
2785,True,1
2786,True,1
2787,True,1
2788,True,2
2789,True,2
2790,True,2
2791,True,2
2792,True,2
2793,True,2
2794,True,2
2795,True,2
2796,True,2
2797,True,2
2798,True,2
2799,True,2
2800,True,2
2801,True,2
2802,True,2
2803,True,2
2804,True,2
2805,True,2
2806,True,2
2807,True,2
2808,True,2
2809,True,2
2810,True,2
2811,True,2
2812,True,2
2813,True,2
2814,True,1
2815,True,1
2816,True,1
2817,True,1
2818,True,1
2819,True,1
2820,True,1
2821,True,1
2822,True,1
2823,True,1
2824,True,1
2825,True,1
2826,True,1
2827,True,1
2828,True,1
2829,True,1
2830,True,1
2831,True,1
2832,True,1
2833,True,1
2834,True,1
2835,False,0
2836,True,0
2837,False,0
2838,False,0
2839,False,0
2840,False,0
2841,False,0
2842,False,0
2843,False,0
2844,False,0
2845,False,0
2846,True,0
2847,True,0
2848,False,0
2849,False,0
2850,False,0
2851,False,0
2852,False,0
2853,False,0
2854,False,0
2855,False,0
2856,False,0
2857,False,0
2858,False,0
2859,False,0
2860,False,0
2861,False,0
2862,False,0
2863,True,0
2864,True,0
2865,True,1
2866,True,1
2867,True,0
2868,True,0
2869,True,0
2870,True,0
2871,False,0
2872,False,0
2873,False,0
2874,False,0
2875,False,0
2876,False,0
2877,False,0
2878,True,0
2879,True,1
2880,True,0
2881,True,0
2882,True,0
2883,False,0
2884,True,0
2885,True,0
2886,True,0
2887,False,0
2888,False,0
2889,False,0
2890,False,0
2891,False,0
2892,True,0
2893,True,0
2894,True,0
2895,False,0
2896,False,0
2897,True,0
2898,True,0
2899,True,0
2900,True,0
2901,False,0
2902,False,0
2903,True,0
2904,True,0
2905,False,0
2906,True,0
2907,False,0
2908,False,0
2909,False,0
2910,False,0
2911,True,0
2912,True,1
2913,True,0
2914,True,0
2915,True,0
2916,True,1
2917,True,0
2918,False,0
2919,False,0
2920,True,0
2921,True,0
2922,False,0
2923,False,0
2924,False,0
2925,False,0
2926,False,0
2927,True,1
2928,True,0
2929,True,0
2930,False,0
2931,True,0
2932,True,0
2933,True,0
2934,False,0
2935,False,0
2936,False,0
2937,False,0
2938,False,0
2939,False,0
2940,False,0
2941,False,0
2942,False,0
2943,False,0
2944,False,0
2945,False,0
2946,False,0
2947,True,0
2948,False,0
2949,False,0
2950,False,0
2951,True,0
2952,True,0
2953,False,0
2954,False,0
2955,False,0
2956,False,0
2957,False,0
2958,False,0
2959,False,0
2960,False,0
2961,True,0
2962,False,0
2963,False,0
2964,False,0
2965,False,0
2966,False,0
2967,False,0
2968,True,0
2969,False,0
2970,True,0
2971,True,0
2972,True,0
2973,False,0
2974,False,0
2975,False,0
2976,False,0
2977,False,0
2978,False,0
2979,True,1
2980,True,1
2981,True,1
2982,True,1
2983,False,0
2984,False,0
2985,False,0
2986,True,0
2987,True,0
2988,False,0
2989,False,0
2990,False,0
2991,False,0
2992,True,0
2993,False,0
2994,False,0
2995,True,0
2996,True,0
2997,True,1
2998,True,1
2999,True,0
3000,True,0
3001,False,0
3002,False,0
3003,False,0
3004,False,0
3005,False,0
3006,False,0
3007,True,0
3008,True,0
3009,False,0
3010,False,0
3011,False,0
3012,False,0
3013,False,0
3014,False,0
3015,True,0
3016,True,0
3017,False,0
3018,True,0
3019,False,0
3020,False,0
3021,False,0
3022,True,0
3023,False,0
3024,False,0
3025,False,0
3026,False,0
3027,False,0
3028,False,0
3029,False,0
3030,False,0
3031,True,1
3032,True,1
3033,False,0
3034,False,0
3035,False,0
3036,False,0
3037,False,0
3038,False,0
3039,False,0
3040,True,0
3041,True,0
3042,True,0
3043,False,0
3044,True,0
3045,False,0
3046,False,0
3047,False,0
3048,False,0
3049,True,0
3050,True,1
3051,True,0
3052,False,0
3053,False,0
3054,False,0
3055,True,0
3056,True,0
3057,False,0
3058,False,0
3059,False,0
3060,True,0
3061,True,0
3062,False,0
3063,False,0
3064,False,0
3065,False,0
3066,False,0
3067,True,1
3068,True,1
3069,True,1
3070,True,1
3071,True,1
3072,True,1
3073,True,1
3074,True,1
3075,True,1
3076,True,1
3077,True,1
3078,True,1
3079,True,1
3080,True,1
3081,True,1
3082,True,1
3083,True,1
3084,True,1
3085,True,1
3086,True,1
3087,True,1
3088,True,1
3089,True,1
3090,True,1
3091,True,1
3092,True,1
3093,True,1
3094,True,1
3095,True,1
3096,True,1
3097,True,1
3098,True,1
3099,True,1
3100,True,1
3101,True,1
3102,True,1
3103,True,1
3104,True,1
3105,True,1
3106,True,1
3107,True,1
3108,True,1
3109,True,1
3110,True,1
3111,True,1
3112,True,1
3113,True,1
3114,True,1
3115,True,1
3116,True,1
3117,True,1
3118,True,1
3119,True,1
3120,True,1
3121,True,1
3122,True,1
3123,True,1
3124,True,1
3125,True,1
3126,True,1
3127,True,1
3128,True,1
3129,True,1
3130,True,1
3131,True,1
3132,True,1
3133,True,1
3134,True,1
3135,True,1
3136,True,1
3137,True,1
3138,True,1
3139,True,1
3140,True,1
3141,True,1
3142,True,1
3143,True,1
3144,True,1
3145,True,1
3146,True,1
3147,True,1
3148,True,1
3149,True,1
3150,True,1
3151,True,1
3152,True,1
3153,True,1
3154,True,1
3155,True,1
3156,True,1
3157,True,1
3158,True,1
3159,True,1
3160,True,1
3161,True,1
3162,True,1
3163,True,1
3164,True,1
3165,True,1
3166,True,1
3167,True,1
3168,True,1
3169,True,1
3170,True,1
3171,True,1
3172,True,1
3173,True,1
3174,True,1
3175,True,1
3176,True,1
3177,True,1
3178,True,1
3179,True,1
3180,True,1
3181,True,1
3182,True,1
3183,True,1
3184,True,1
3185,True,1
3186,True,1
3187,True,1
3188,True,1
3189,True,1
3190,True,1
3191,True,1
3192,True,1
3193,True,1
3194,True,1
3195,True,1
3196,True,1
3197,True,1
3198,True,1
3199,True,1
3200,True,1
3201,True,1
3202,True,1
3203,True,1
3204,True,1
3205,True,1
3206,True,1
3207,True,1
3208,True,1
3209,True,1
3210,True,1
3211,True,1
3212,True,1
3213,True,1
3214,True,1
3215,True,1
3216,True,1
3217,True,1
3218,True,1
3219,True,1
3220,True,1
3221,True,1
3222,True,1
3223,True,1
3224,True,1
3225,True,1
3226,True,1
3227,True,1
3228,True,1
3229,True,1
3230,True,1
3231,True,1
3232,True,1
3233,True,1
3234,True,1
3235,True,1
3236,True,1
3237,True,1
3238,True,1
3239,True,1
3240,True,1
3241,True,1
3242,True,1
3243,True,1
3244,True,1
3245,True,1
3246,True,1
3247,True,1
3248,True,1
3249,True,1
3250,True,1
3251,True,1
3252,True,1
3253,True,1
3254,True,1
3255,True,1
3256,True,1
3257,True,1
3258,True,1
3259,True,1
3260,True,1
3261,True,1
3262,True,1
3263,True,1
3264,True,1
3265,True,1
3266,True,1
3267,True,1
3268,True,1
3269,True,1
3270,True,1
3271,True,1
3272,True,1
3273,True,1
3274,True,1
3275,True,1
3276,True,1
3277,True,1
3278,True,1
3279,True,1
3280,True,1
3281,True,1
3282,True,1
3283,True,1
3284,True,1
3285,True,1
3286,True,1
3287,True,1
3288,True,1
3289,True,1
3290,True,1
3291,True,1
3292,True,1
3293,True,1
3294,True,1
3295,True,1
3296,True,1
3297,True,1
3298,True,1
3299,True,1
3300,True,1
3301,True,1
3302,True,1
3303,True,1
3304,True,1
3305,True,1
3306,True,1
3307,True,1
3308,True,1
3309,True,1
3310,True,1
3311,True,1
3312,True,1
3313,True,1
3314,True,1
3315,True,1
3316,True,1
3317,True,1
3318,True,1
3319,True,1
3320,True,1
3321,True,1
3322,True,1
3323,True,1
3324,True,1
3325,True,1
3326,True,1
3327,True,1
3328,True,1
3329,True,1
3330,True,1
3331,True,1
3332,True,1
3333,True,1
3334,True,1
3335,True,1
3336,True,1
3337,True,1
3338,True,1
3339,True,1
3340,True,1
3341,True,1
3342,True,1
3343,True,1
3344,True,1
3345,True,1
3346,True,1
3347,True,1
3348,True,1
3349,True,1
3350,True,1
3351,True,1
3352,True,1
3353,True,1
3354,True,1
3355,True,1
3356,True,1
3357,True,1
3358,True,1
3359,True,1
3360,True,1
3361,True,1
3362,True,1
3363,True,1
3364,True,1
3365,True,1
3366,True,1
3367,True,1
3368,True,1
3369,True,1
3370,True,1
3371,True,1
3372,True,1
3373,True,1
3374,True,1
3375,True,1
3376,True,1
3377,True,1
3378,True,1
3379,True,1
3380,True,1
3381,True,1
3382,True,1
3383,True,1
3384,True,1
3385,True,1
3386,True,1
3387,True,1
3388,True,1
3389,True,1
3390,True,1
3391,True,1
3392,True,1
3393,True,1
3394,True,1
3395,True,1
3396,True,1
3397,True,1
3398,True,1
3399,True,1
3400,True,1
3401,True,1
3402,True,1
3403,True,1
3404,True,1
3405,True,1
3406,True,1
3407,True,1
3408,True,1
3409,True,1
3410,True,1
3411,True,1
3412,True,1
3413,True,1
3414,True,1
3415,True,1
3416,True,1
3417,True,1
3418,True,1
3419,True,1
3420,True,1
3421,True,1
3422,True,1
3423,True,1
3424,True,1
3425,True,1
3426,True,1
3427,True,1
3428,True,1
3429,True,1
3430,True,1
3431,True,1
3432,True,1
3433,True,1
3434,True,1
3435,True,1
3436,True,1
3437,True,1
3438,True,1
3439,True,1
3440,True,1
3441,True,1
3442,True,1
3443,True,1
3444,True,1
3445,True,1
3446,True,1
3447,True,1
3448,True,1
3449,True,1
3450,True,1
3451,True,1
3452,True,1
3453,True,1
3454,True,1
3455,True,1
3456,True,1
3457,True,1
3458,True,1
3459,True,1
3460,True,1
3461,True,1
3462,True,1
3463,True,1
3464,True,1
3465,True,1
3466,True,1
3467,True,1
3468,True,1
3469,True,1
3470,True,1
3471,True,1
3472,True,1
3473,True,1
3474,True,1
3475,True,1
3476,True,1
3477,True,1
3478,True,1
3479,True,1
3480,True,1
3481,True,1
3482,True,1
3483,True,1
3484,True,1
3485,True,1
3486,True,1
3487,True,1
3488,True,1
3489,True,1
3490,True,0
3491,True,1
3492,True,1
3493,True,1
3494,True,1
3495,True,1
3496,True,1
3497,True,1
3498,True,0
3499,True,0
3500,True,0
3501,True,1
3502,True,1
3503,True,1
3504,True,1
3505,True,1
3506,False,0
3507,True,0
3508,True,0
3509,False,0
3510,False,0
3511,True,0
3512,True,0
3513,False,0
3514,True,0
3515,True,1
3516,True,1
3517,True,1
3518,True,1
3519,True,1
3520,True,1
3521,True,1
3522,True,1
3523,True,1
3524,True,1
3525,True,1
3526,True,1
3527,True,1
3528,True,1
3529,True,1
3530,True,1
3531,True,1
3532,True,1
3533,True,1
3534,True,1
3535,True,1
3536,True,1
3537,True,1
3538,True,1
3539,True,1
3540,True,1
3541,True,1
3542,True,1
3543,True,1
3544,True,1
3545,True,1
3546,True,1
3547,True,1
3548,True,1
3549,True,1
3550,True,1
3551,True,1
3552,True,1
3553,True,1
3554,True,1
3555,True,1
3556,True,1
3557,True,1
3558,True,1
3559,True,1
3560,True,1
3561,True,1
3562,True,1
3563,True,1
3564,True,1
3565,True,1
3566,True,1
3567,True,1
3568,True,1
3569,True,1
3570,True,1
3571,True,1
3572,True,1
3573,True,1
3574,True,1
3575,True,1
3576,True,1
3577,True,1
3578,True,1
3579,True,1
3580,True,1
3581,True,1
3582,True,1
3583,True,1
3584,True,1
3585,True,1
3586,True,1
3587,True,1
3588,True,1
3589,True,1
3590,True,1
3591,True,1
3592,True,1
3593,True,1
3594,True,1
3595,True,1
3596,True,1
3597,True,1
3598,True,1
3599,True,1
3600,True,1
3601,True,1
3602,True,1
3603,True,1
3604,True,1
3605,True,1
3606,True,1
3607,True,1
3608,True,1
3609,True,1
3610,True,1
3611,True,1
3612,True,1
3613,True,1
3614,True,1
3615,True,1
3616,True,1
3617,True,1
3618,True,1
3619,True,1
3620,True,1
3621,True,1
3622,True,1
3623,True,1
3624,True,1
3625,True,1
3626,True,1
3627,True,1
3628,True,1
3629,True,1
3630,True,1
3631,True,1
3632,True,1
3633,True,1
3634,True,1
3635,True,1
3636,True,1
3637,True,1
3638,True,1
3639,True,1
3640,True,1
3641,True,1
3642,True,1
3643,True,1
3644,True,1
3645,True,1
3646,True,1
3647,True,1
3648,True,1
3649,True,1
3650,True,1
3651,True,1
3652,True,1
3653,True,1
3654,True,1
3655,True,1
3656,True,1
3657,True,1
3658,True,1
3659,True,1
3660,True,1
3661,True,1
3662,True,1
3663,True,1
3664,True,1
3665,True,1
3666,True,1
3667,True,1
3668,True,1
3669,True,1
3670,True,1
3671,True,1
3672,True,1
3673,True,1
3674,True,1
3675,True,1
3676,True,1
3677,True,1
3678,True,1
3679,True,1
3680,True,1
3681,True,1
3682,True,1
3683,True,1
3684,True,1
3685,True,1
3686,True,1
3687,True,1
3688,True,1
3689,True,1
3690,True,1
3691,True,1
3692,True,1
3693,True,1
3694,True,1
3695,True,1
3696,True,1
3697,True,1
3698,True,1
3699,True,1
3700,True,1
3701,True,1
3702,True,1
3703,True,1
3704,True,1
3705,True,1
3706,True,1
3707,True,1
3708,True,1
3709,True,1
3710,True,1
3711,True,1
3712,True,1
3713,True,1
3714,True,1
3715,True,1
3716,True,1
3717,True,1
3718,True,1
3719,True,1
3720,True,1
3721,True,1
3722,True,1
3723,True,1
3724,True,1
3725,True,1
3726,True,1
3727,True,1
3728,True,1
3729,True,1
3730,True,1
3731,True,1
3732,True,1
3733,True,1
3734,True,1
3735,True,1
3736,True,1
3737,True,1
3738,True,1
3739,True,1
3740,True,1
3741,True,1
3742,True,1
3743,True,1
3744,True,1
3745,True,1
3746,True,1
3747,True,1
3748,True,1
3749,True,1
3750,True,1
3751,True,1
3752,True,1
3753,True,1
3754,True,1
3755,True,1
3756,True,1
3757,True,1
3758,True,1
3759,True,1
3760,True,1
3761,True,1
3762,True,1
3763,True,1
3764,True,1
3765,True,1
3766,True,1
3767,True,1
3768,True,1
3769,True,1
3770,True,1
3771,True,1
3772,True,1
3773,True,1
3774,True,1
3775,True,1
3776,True,1
3777,True,1
3778,True,1
3779,True,1
3780,True,1
3781,True,1
3782,True,1
3783,True,1
3784,True,1
3785,True,1
3786,True,1
3787,True,1
3788,True,1
3789,True,1
3790,True,1
3791,True,1
3792,True,1
3793,True,1
3794,True,1
3795,True,1
3796,True,1
3797,True,1
3798,True,1
3799,True,1
3800,True,1
3801,True,1
3802,True,1
3803,True,1
3804,True,1
3805,True,1
3806,True,1
3807,True,1
3808,True,1
3809,True,1
3810,True,1
3811,True,1
3812,True,1
3813,True,1
3814,True,1
3815,True,1
3816,True,1
3817,True,1
3818,True,1
3819,True,1
3820,True,1
3821,True,1
3822,True,1
3823,True,1
3824,True,1
3825,True,1
3826,True,1
3827,True,1
3828,True,1
3829,True,1
3830,True,1
3831,True,1
3832,True,1
3833,True,1
3834,True,1
3835,True,1
3836,True,1
3837,True,1
3838,True,1
3839,True,1
3840,True,1
3841,True,1
3842,True,1
3843,True,1
3844,True,1
3845,True,1
3846,True,1
3847,True,1
3848,True,1
3849,True,1
3850,True,1
3851,True,1
3852,True,1
3853,True,1
3854,True,1
3855,True,1
3856,True,1
3857,True,1
3858,True,1
3859,True,1
3860,True,1
3861,True,1
3862,True,1
3863,True,1
3864,True,1
3865,True,1
3866,True,1
3867,True,1
3868,True,1
3869,True,1
3870,True,1
3871,True,1
3872,True,1
3873,True,1
3874,True,1
3875,True,1
3876,True,1
3877,True,1
3878,True,1
3879,True,1
3880,True,1
3881,True,1
3882,True,1
3883,True,1
3884,True,1
3885,True,1
3886,True,1
3887,True,1
3888,True,1
3889,True,1
3890,True,1
3891,True,1
3892,True,1
3893,True,1
3894,True,1
3895,True,1
3896,True,1
3897,True,1
3898,True,1
3899,True,1
3900,True,1
3901,True,1
3902,True,1
3903,True,1
3904,True,1
3905,True,1
3906,True,1
3907,True,1
3908,True,1
3909,True,1
3910,True,1
3911,True,1
3912,True,1
3913,True,1
3914,True,1
3915,True,1
3916,True,1
3917,True,1
3918,True,1
3919,True,1
3920,True,1
3921,True,1
3922,True,1
3923,True,1
3924,True,1
3925,True,1
3926,True,1
3927,True,1
3928,True,1
3929,True,1
3930,True,1
3931,True,1
3932,True,1
3933,True,1
3934,True,1
3935,True,1
3936,True,1
3937,True,1
3938,True,1
3939,True,1
3940,True,1
3941,True,1
3942,True,1
3943,True,1
3944,True,1
3945,True,1
3946,True,1
3947,True,1
3948,True,1
3949,True,1
3950,True,1
3951,True,1
3952,True,1
3953,True,1
3954,True,1
3955,True,1
3956,True,1
3957,True,1
3958,True,1
3959,True,1
3960,True,1
3961,True,1
3962,True,1
3963,True,1
3964,True,1
3965,True,1
3966,True,1
3967,True,1
3968,True,1
3969,True,1
3970,True,1
3971,True,1
3972,True,1
3973,True,1
3974,True,1
3975,True,1
3976,True,1
3977,True,1
3978,True,1
3979,True,1
3980,True,1
3981,True,1
3982,True,1
3983,True,1
3984,True,1
3985,True,1
3986,True,1
3987,True,1
3988,True,1
3989,True,1
3990,True,1
3991,True,1
3992,True,1
3993,True,1
3994,True,1
3995,True,1
3996,True,1
3997,True,1
3998,True,1
3999,True,1
4000,True,1
4001,True,1
4002,True,1
4003,True,1
4004,True,1
4005,True,1
4006,True,1
4007,True,1
4008,True,1
4009,True,1
4010,True,1
4011,True,1
4012,True,1
4013,True,1
4014,True,1
4015,True,1
4016,True,1
4017,True,1
4018,True,1
4019,True,1
4020,True,1
4021,True,1
4022,True,1
4023,True,1
4024,True,1
4025,True,1
4026,True,1
4027,True,1
4028,True,1
4029,True,1
4030,True,1
4031,True,1
4032,True,1
4033,True,1
4034,True,1
4035,True,1
4036,True,1
4037,True,1
4038,True,1
4039,True,1
4040,True,1
4041,True,1
4042,True,1
4043,True,1
4044,True,1
4045,True,1
4046,True,1
4047,True,1
4048,True,1
4049,True,1
4050,True,1
4051,True,1
4052,True,1
4053,True,1
4054,True,1
4055,True,1
4056,True,1
4057,True,1
4058,True,1
4059,True,1
4060,True,1
4061,True,1
4062,True,1
4063,True,1
4064,True,1
4065,True,1
4066,True,1
4067,True,1
4068,True,1
4069,True,1
4070,True,1
4071,True,1
4072,True,1
4073,True,1
4074,True,1
4075,True,1
4076,True,1
4077,True,1
4078,True,1
4079,True,1
4080,True,1
4081,True,1
4082,True,1
4083,True,1
4084,True,1
4085,True,1
4086,True,1
4087,True,1
4088,True,1
4089,True,1
4090,True,1
4091,True,1
4092,True,1
4093,True,1
4094,True,1
4095,True,1
4096,True,1
4097,True,1
4098,True,1
4099,True,1
4100,True,1
4101,True,1
4102,True,1
4103,True,1
4104,True,1
4105,True,1
4106,True,1
4107,True,1
4108,True,1
4109,True,1
4110,True,1
4111,True,1
4112,True,1
4113,True,1
4114,True,1
4115,True,1
4116,True,1
4117,True,1
4118,True,1
4119,True,1
4120,True,1
4121,True,1
4122,False,0
4123,True,1
4124,True,1
4125,True,1
4126,True,1
4127,True,1
4128,True,0
4129,True,1
4130,True,1
4131,True,1
4132,True,1
4133,True,1
4134,True,1
4135,True,1
4136,True,1
4137,True,1
4138,True,1
4139,True,1
4140,True,0
4141,True,0
4142,True,0
4143,True,0
4144,False,0
4145,False,0
4146,False,0
4147,True,0
4148,True,0
4149,True,0
4150,True,0
4151,False,0
4152,False,0
4153,False,0
4154,False,0
4155,False,0
4156,False,0
4157,False,0
4158,False,0
4159,True,0
4160,True,0
4161,False,0
4162,False,0
4163,False,0
4164,True,0
4165,True,1
4166,True,0
4167,False,0
4168,True,0
4169,False,0
4170,True,0
4171,True,1
4172,True,0
4173,True,0
4174,False,0
4175,False,0
4176,True,0
4177,True,0
4178,False,0
4179,True,0
4180,False,0
4181,False,0
4182,False,0
4183,False,0
4184,False,0
4185,False,0
4186,False,0
4187,False,0
4188,False,0
4189,False,0
4190,True,0
4191,True,0
4192,True,0
4193,False,0
4194,False,0
4195,True,0
4196,False,0
4197,False,0
4198,False,0
4199,False,0
4200,False,0
4201,False,0
4202,True,0
4203,True,0
4204,True,0
4205,True,1
4206,True,0
4207,True,0
4208,True,0
4209,True,0
4210,False,0
4211,False,0
4212,False,0
4213,False,0
4214,True,0
4215,True,0
4216,False,0
4217,True,0
4218,True,0
4219,True,0
4220,True,0
4221,True,0
4222,False,0
4223,False,0
4224,False,0
4225,True,0
4226,True,0
4227,True,0
4228,False,0
4229,False,0
4230,False,0
4231,False,0
4232,False,0
4233,False,0
4234,True,1
4235,True,1
4236,False,0
4237,False,0
4238,False,0
4239,True,0
4240,True,0
4241,True,0
4242,True,0
4243,True,0
4244,False,0
4245,False,0
4246,False,0
4247,False,0
4248,False,0
4249,False,0
4250,False,0
4251,False,0
4252,False,0
4253,False,0
4254,True,0
4255,True,0
4256,False,0
4257,True,0
4258,True,1
4259,True,0
4260,False,0
4261,True,1
4262,True,0
4263,True,1
4264,True,0
4265,False,0
4266,True,0
4267,False,0
4268,True,0
4269,True,0
4270,False,0
4271,True,0
4272,True,0
4273,True,0
4274,True,0
4275,True,0
4276,True,0
4277,False,0
4278,False,0
4279,True,0
4280,True,0
4281,True,0
4282,False,0
4283,True,0
4284,True,0
4285,False,0
4286,False,0
4287,False,0
4288,False,0
4289,False,0
4290,False,0
4291,False,0
4292,False,0
4293,False,0
4294,False,0
4295,True,0
4296,True,0
4297,True,0
4298,False,0
4299,False,0
4300,False,0
4301,False,0
4302,False,0
4303,True,0
4304,True,1
4305,True,1
4306,True,0
4307,True,0
4308,True,1
4309,True,0
4310,True,0
4311,True,1
4312,False,0
4313,True,1
4314,False,0
4315,True,0
4316,False,0
4317,True,0
4318,True,0
4319,True,0
4320,True,0
4321,True,0
4322,False,0
4323,False,0
4324,True,1
4325,True,1
4326,False,0
4327,True,0
4328,True,0
4329,False,0
4330,False,0
4331,False,0
4332,True,0
4333,True,0
4334,True,0
4335,True,0
4336,True,1
4337,True,1
4338,False,0
4339,True,0
4340,True,0
4341,True,0
4342,False,0
4343,False,0
4344,False,0
4345,False,0
4346,True,0
4347,True,1
4348,True,0
4349,True,0
4350,False,0
4351,True,0
4352,True,0
4353,True,1
4354,True,0
4355,True,0
4356,False,0
4357,False,0
4358,True,0
4359,True,0
4360,True,0
4361,True,0
4362,True,0
4363,True,0
4364,False,0
4365,False,0
4366,True,0
4367,False,0
4368,False,0
4369,False,0
4370,False,0
4371,True,0
4372,True,0
4373,False,0
4374,False,0
4375,False,0
4376,False,0
4377,True,0
4378,False,0
4379,False,0
4380,False,0
4381,False,0
4382,False,0
4383,False,0
4384,False,0
4385,False,0
4386,False,0
4387,False,0
4388,False,0
4389,True,0
4390,True,0
4391,False,0
4392,False,0
4393,False,0
4394,False,0
4395,False,0
4396,False,0
4397,False,0
4398,False,0
4399,True,0
4400,True,0
4401,False,0
4402,False,0
4403,True,0
4404,True,0
4405,True,0
4406,True,0
4407,True,0
4408,True,0
4409,True,0
4410,False,0
4411,False,0
4412,True,0
4413,True,1
4414,True,0
4415,True,0
4416,True,0
4417,False,0
4418,False,0
4419,False,0
4420,True,0
4421,True,0
4422,False,0
4423,False,0
4424,True,0
4425,True,0
4426,False,0
4427,True,0
4428,False,0
4429,False,0
4430,False,0
4431,False,0
4432,True,0
4433,False,0
4434,False,0
4435,False,0
4436,False,0
4437,False,0
4438,False,0
4439,True,0
4440,True,0
4441,False,0
4442,False,0
4443,False,0
4444,False,0
4445,False,0
4446,False,0
4447,False,0
4448,False,0
4449,False,0
4450,False,0
4451,False,0
4452,False,0
4453,False,0
4454,False,0
4455,False,0
4456,False,0
4457,False,0
4458,False,0
4459,False,0
4460,False,0
4461,False,0
4462,False,0
4463,False,0
4464,True,0
4465,False,0
4466,False,0
4467,True,1
4468,True,0
4469,True,0
4470,True,0
4471,True,0
4472,True,0
4473,False,0
4474,True,0
4475,True,0
4476,False,0
4477,False,0
4478,False,0
4479,False,0
4480,False,0
4481,True,0
4482,True,0
4483,True,1
4484,True,0
4485,True,0
4486,False,0
4487,False,0
4488,True,1
4489,False,0
4490,False,0
4491,True,0
4492,False,0
4493,False,0
4494,False,0
4495,False,0
4496,False,0
4497,False,0
4498,False,0
4499,False,0
4500,False,0
4501,False,0
4502,False,0
4503,False,0
4504,False,0
4505,False,0
4506,False,0
4507,False,0
4508,False,0
4509,False,0
4510,False,0
4511,False,0
4512,False,0
4513,True,0
4514,False,0
4515,False,0
4516,False,0
4517,False,0
4518,False,0
4519,True,0
4520,True,0
4521,True,0
4522,False,0
4523,True,0
4524,False,0
4525,True,0
4526,False,0
4527,False,0
4528,False,0
4529,False,0
4530,False,0
4531,False,0
4532,True,0
4533,True,1
4534,False,0
4535,False,0
4536,False,0
4537,False,0
4538,False,0
4539,False,0
4540,False,0
4541,False,0
4542,False,0
4543,True,0
4544,False,0
4545,False,0
4546,False,0
4547,False,0
4548,False,0
4549,False,0
4550,False,0
4551,True,0
4552,False,0
4553,False,0
4554,False,0
4555,False,0
4556,False,0
4557,True,0
4558,False,0
4559,False,0
4560,True,0
4561,True,0
4562,True,0
4563,False,0
4564,True,0
4565,True,0
4566,True,0
4567,True,0
4568,True,0
4569,False,0
4570,True,0
4571,True,0
4572,False,0
4573,True,0
4574,False,0
4575,False,0
4576,True,0
4577,False,0
4578,False,0
4579,False,0
4580,False,0
4581,False,0
4582,False,0
4583,False,0
4584,False,0
4585,False,0
4586,False,0
4587,False,0
4588,True,1
4589,True,1
4590,True,1
4591,True,1
4592,True,1
4593,True,1
4594,True,1
4595,True,1
4596,True,1
4597,True,1
4598,True,1
4599,True,1
4600,True,1
4601,True,1
4602,True,1
4603,True,1
4604,True,1
4605,True,1
4606,True,1
4607,True,1
4608,True,1
4609,True,1
4610,True,1
4611,True,1
4612,True,1
4613,True,1
4614,True,1
4615,True,1
4616,True,1
4617,True,1
4618,True,1
4619,True,1
4620,True,1
4621,True,1
4622,True,1
4623,True,1
4624,True,1
4625,True,1
4626,True,1
4627,True,1
4628,True,1
4629,True,1
4630,True,1
4631,True,1
4632,True,1
4633,True,1
4634,True,1
4635,True,1
4636,True,1
4637,True,1
4638,True,1
4639,True,1
4640,True,1
4641,True,1
4642,True,1
4643,True,1
4644,True,1
4645,True,1
4646,True,1
4647,True,1
4648,True,1
4649,True,1
4650,True,1
4651,True,1
4652,True,1
4653,True,1
4654,True,1
4655,True,1
4656,True,1
4657,True,1
4658,True,1
4659,True,1
4660,True,1
4661,True,1
4662,True,1
4663,True,1
4664,True,1
4665,True,1
4666,True,1
4667,True,1
4668,True,1
4669,True,1
4670,True,1
4671,True,1
4672,True,1
4673,True,1
4674,True,1
4675,True,1
4676,True,1
4677,True,1
4678,True,1
4679,True,1
4680,True,1
4681,True,1
4682,True,1
4683,True,1
4684,True,1
4685,True,1
4686,True,1
4687,True,1
4688,True,1
4689,True,1
4690,True,1
4691,True,1
4692,True,1
4693,True,1
4694,True,1
4695,True,1
4696,True,1
4697,True,1
4698,True,1
4699,True,1
4700,True,1
4701,True,1
4702,True,1
4703,True,1
4704,True,1
4705,True,1
4706,True,1
4707,True,1
4708,True,1
4709,True,1
4710,True,1
4711,True,1
4712,True,1
4713,True,1
4714,True,1
4715,True,1
4716,True,1
4717,True,1
4718,True,1
4719,True,1
4720,True,1
4721,True,1
4722,True,1
4723,True,1
4724,True,1
4725,True,1
4726,True,1
4727,True,1
4728,True,1
4729,True,1
4730,True,1
4731,True,1
4732,True,1
4733,True,1
4734,True,1
4735,True,1
4736,True,1
4737,True,1
4738,True,1
4739,True,1
4740,True,1
4741,True,1
4742,True,1
4743,True,1
4744,True,1
4745,True,1
4746,True,1
4747,True,1
4748,True,1
4749,True,1
4750,True,1
4751,True,1
4752,True,1
4753,True,1
4754,True,1
4755,True,1
4756,True,1
4757,True,1
4758,True,1
4759,True,1
4760,True,1
4761,True,1
4762,True,1
4763,True,1
4764,True,1
4765,True,1
4766,True,1
4767,True,1
4768,True,1
4769,True,1
4770,True,1
4771,True,1
4772,True,1
4773,True,1
4774,True,1
4775,True,1
4776,True,1
4777,True,1
4778,True,1
4779,True,1
4780,True,1
4781,True,1
4782,True,1
4783,True,1
4784,True,1
4785,True,1
4786,True,1
4787,True,1
4788,True,1
4789,True,1
4790,True,1
4791,True,1
4792,True,1
4793,True,1
4794,True,1
4795,True,1
4796,True,1
4797,True,1
4798,True,1
4799,True,1
4800,True,1
4801,True,1
4802,True,1
4803,True,1
4804,True,1
4805,True,1
4806,True,1
4807,True,1
4808,True,1
4809,True,1
4810,True,1
4811,True,1
4812,True,1
4813,True,1
4814,True,1
4815,True,1
4816,True,1
4817,True,1
4818,True,1
4819,True,1
4820,True,1
4821,True,1
4822,True,1
4823,True,1
4824,True,1
4825,True,1
4826,True,1
4827,True,1
4828,True,1
4829,True,1
4830,True,1
4831,True,1
4832,True,1
4833,True,1
4834,True,1
4835,True,1
4836,True,1
4837,True,1
4838,True,1
4839,True,1
4840,True,1
4841,True,1
4842,True,1
4843,True,1
4844,True,1
4845,True,1
4846,True,1
4847,True,1
4848,True,1
4849,True,1
4850,True,1
4851,True,1
4852,True,1
4853,True,1
4854,True,1
4855,True,1
4856,True,1
4857,True,1
4858,True,1
4859,True,1
4860,True,1
4861,True,1
4862,True,1
4863,True,1
4864,True,1
4865,True,1
4866,True,1
4867,True,1
4868,True,1
4869,True,1
4870,True,1
4871,True,1
4872,True,1
4873,True,1
4874,True,1
4875,True,1
4876,True,1
4877,True,1
4878,True,1
4879,True,1
4880,True,1
4881,True,1
4882,True,1
4883,True,1
4884,True,1
4885,True,1
4886,True,1
4887,True,1
4888,True,1
4889,True,1
4890,True,1
4891,True,1
4892,True,1
4893,True,1
4894,True,1
4895,True,1
4896,True,1
4897,True,1
4898,True,1
4899,True,1
4900,True,1
4901,True,1
4902,True,1
4903,True,1
4904,True,1
4905,True,1
4906,True,1
4907,True,1
4908,True,1
4909,True,1
4910,True,1
4911,True,1
4912,True,1
4913,True,1
4914,True,1
4915,True,1
4916,True,1
4917,True,1
4918,True,1
4919,True,1
4920,True,1
4921,True,1
4922,True,1
4923,True,1
4924,True,1
4925,True,1
4926,True,1
4927,True,1
4928,True,1
4929,True,1
4930,True,1
4931,True,1
4932,True,1
4933,True,1
4934,True,1
4935,True,1
4936,True,1
4937,True,1
4938,True,1
4939,True,1
4940,True,1
4941,True,1
4942,True,1
4943,True,1
4944,True,1
4945,True,1
4946,True,1
4947,True,1
4948,True,1
4949,True,1
4950,True,1
4951,True,1
4952,True,1
4953,True,1
4954,True,1
4955,True,1
4956,True,1
4957,True,1
4958,True,1
4959,True,1
4960,True,1
4961,True,1
4962,True,1
4963,True,1
4964,True,1
4965,True,1
4966,True,1
4967,True,1
4968,True,1
4969,True,1
4970,True,1
4971,True,1
4972,True,1
4973,True,1
4974,True,1
4975,True,1
4976,True,1
4977,True,1
4978,True,1
4979,True,1
4980,True,1
4981,True,1
4982,True,1
4983,True,1
4984,True,1
4985,True,1
4986,True,1
4987,True,1
4988,True,1
4989,True,1
4990,True,1
4991,True,1
4992,True,1
4993,True,1
4994,True,1
4995,True,1
4996,True,1
4997,True,1
4998,True,1
4999,True,1
5000,True,1
5001,True,1
5002,True,1
5003,True,1
5004,True,1
5005,True,1
5006,True,1
5007,True,1
5008,True,1
5009,True,1
5010,True,1
5011,True,1
5012,True,1
5013,True,1
5014,True,1
5015,True,1
5016,True,1
5017,True,1
5018,True,1
5019,True,1
5020,True,1
5021,True,1
5022,True,1
5023,True,1
5024,True,1
5025,True,1
5026,True,1
5027,True,1
5028,True,1
5029,True,1
5030,True,1
5031,True,1
5032,True,1
5033,True,1
5034,True,1
5035,True,1
5036,True,1
5037,True,1
5038,True,1
5039,True,1
5040,True,1
5041,True,1
5042,True,1
5043,True,1
5044,True,1
5045,True,1
5046,True,1
5047,True,1
5048,True,1
5049,True,1
5050,True,1
5051,True,1
5052,True,1
5053,True,1
5054,True,1
5055,True,1
5056,True,1
5057,True,1
5058,True,1
5059,True,1
5060,True,1
5061,True,1
5062,True,1
5063,True,1
5064,True,3
5065,True,2
5066,True,4
5067,True,3
5068,True,4
5069,True,4
5070,True,3
5071,True,3
5072,True,3
5073,True,3
5074,True,4
5075,True,4
5076,True,4
5077,True,4
5078,True,4
5079,True,4
5080,True,4
5081,True,4
5082,True,4
5083,True,4
5084,True,4
5085,True,3
5086,True,4
5087,True,3
5088,True,3
5089,True,4
5090,True,3
5091,True,3
5092,True,4
5093,True,4
5094,True,3
5095,True,3
5096,True,3
5097,True,3
5098,True,3
5099,True,3
5100,True,3
5101,True,3
5102,True,3
5103,True,3
5104,True,3
5105,True,3
5106,True,3
5107,True,3
5108,True,3
5109,True,3
5110,True,3
5111,True,3
5112,True,3
5113,True,3
5114,True,3
5115,True,3
5116,True,3
5117,True,3
5118,True,3
5119,True,3
5120,True,3
5121,True,3
5122,True,3
5123,True,3
5124,True,3
5125,True,3
5126,True,3
5127,True,3
5128,True,3
5129,True,2
5130,True,2
5131,True,2
5132,True,2
5133,True,2
5134,True,2
5135,True,2
5136,True,2
5137,True,2
5138,True,2
5139,True,2
5140,True,2
5141,True,2
5142,True,2
5143,True,2
5144,True,2
5145,True,2
5146,True,2
5147,True,2
5148,True,2
5149,True,2
5150,True,2
5151,True,2
5152,True,2
5153,True,2
5154,True,2
5155,True,2
5156,True,2
5157,True,2
5158,True,2
5159,True,2
5160,True,2
5161,True,2
5162,True,2
5163,True,2
5164,True,2
5165,True,2
5166,True,2
5167,True,2
5168,True,2
5169,True,2
5170,True,2
5171,True,2
5172,True,2
5173,True,2
5174,True,2
5175,True,2
5176,True,2
5177,True,2
5178,True,2
5179,True,2
5180,True,2
5181,True,2
5182,True,2
5183,True,2
5184,True,2
5185,True,2
5186,True,2
5187,True,2
5188,True,2
5189,True,2
5190,True,2
5191,True,2
5192,True,2
5193,True,2
5194,True,2
5195,True,2
5196,True,2
5197,True,2
5198,True,2
5199,True,2
5200,True,2
5201,True,2
5202,True,2
5203,True,2
5204,True,2
5205,True,2
5206,True,2
5207,True,2
5208,True,2
5209,True,2
5210,True,2
5211,True,2
5212,True,2
5213,True,2
5214,True,2
5215,True,2
5216,True,2
5217,True,2
5218,True,2
5219,True,2
5220,True,2
5221,True,2
5222,True,2
5223,True,2
5224,True,2
5225,True,2
5226,True,2
5227,True,2
5228,True,2
5229,True,2
5230,True,2
5231,True,2
5232,True,2
5233,True,2
5234,True,2
5235,True,2
5236,True,2
5237,True,2
5238,True,2
5239,True,2
5240,True,2
5241,True,2
5242,True,2
5243,True,2
5244,True,2
5245,True,2
5246,True,2
5247,True,2
5248,True,2
5249,True,2
5250,True,2
5251,True,2
5252,True,2
5253,True,2
5254,True,2
5255,True,2
5256,True,2
5257,True,2
5258,True,2
5259,True,2
5260,True,2
5261,True,2
5262,True,2
5263,True,2
5264,True,2
5265,True,2
5266,True,2
5267,True,2
5268,True,2
5269,True,2
5270,True,2
5271,True,2
5272,True,2
5273,True,2
5274,True,2
5275,True,2
5276,True,2
5277,True,2
5278,True,2
5279,True,2
5280,True,2
5281,True,2
5282,True,2
5283,True,2
5284,True,2
5285,True,2
5286,True,2
5287,True,1
5288,True,1
5289,True,1
5290,True,1
5291,True,1
5292,True,1
5293,True,1
5294,True,1
5295,True,1
5296,True,1
5297,True,1
5298,True,1
5299,True,1
5300,True,1
5301,True,1
5302,True,1
5303,True,1
5304,True,1
5305,True,1
5306,True,1
5307,True,1
5308,True,1
5309,True,1
5310,True,1
5311,True,1
5312,True,1
5313,True,1
5314,True,1
5315,True,1
5316,True,1
5317,True,1
5318,True,1
5319,True,1
5320,True,1
5321,True,1
5322,True,1
5323,True,1
5324,True,1
5325,True,1
5326,True,1
5327,True,1
5328,True,1
5329,True,1
5330,True,1
5331,True,1
5332,True,1
5333,True,1
5334,True,1
5335,True,1
5336,True,1
5337,True,1
5338,True,1
5339,True,1
5340,True,1
5341,True,1
5342,True,1
5343,True,1
5344,True,1
5345,True,1
5346,True,1
5347,True,1
5348,True,1
5349,True,1
5350,True,1
5351,True,1
5352,True,1
5353,True,1
5354,True,1
5355,True,1
5356,True,1
5357,True,1
5358,True,1
5359,True,1
5360,True,1
5361,True,1
5362,True,1
5363,True,1
5364,True,1
5365,True,1
5366,True,1
5367,True,1
5368,True,1
5369,True,1
5370,True,1
5371,True,1
5372,True,1
5373,True,1
5374,True,1
5375,True,1
5376,True,1
5377,True,1
5378,True,1
5379,True,1
5380,True,1
5381,True,1
5382,True,1
5383,True,1
5384,True,1
5385,True,1
5386,True,1
5387,True,1
5388,True,1
5389,True,1
5390,True,1
5391,True,1
5392,True,1
5393,True,1
5394,True,1
5395,True,1
5396,True,1
5397,True,1
5398,True,1
5399,True,1
5400,True,1
5401,True,1
5402,True,1
5403,True,1
5404,True,1
5405,True,1
5406,True,1
5407,True,1
5408,True,1
5409,True,1
5410,True,1
5411,True,1
5412,True,1
5413,True,1
5414,True,1
5415,True,1
5416,True,1
5417,True,1
5418,True,1
5419,True,1
5420,True,1
5421,True,1
5422,True,1
5423,True,1
5424,True,1
5425,True,1
5426,True,1
5427,True,1
5428,True,1
5429,True,1
5430,True,1
5431,True,1
5432,True,1
5433,True,2
5434,True,2
5435,True,1
5436,True,1
5437,True,1
5438,True,1
5439,True,0
5440,False,0
5441,True,0
5442,True,0
5443,True,0
5444,True,0
5445,True,0
5446,False,0
5447,False,0
5448,True,0
5449,True,0
5450,True,0
5451,True,0
5452,True,1
5453,True,1
5454,True,0
5455,True,0
5456,True,0
5457,True,0
5458,True,0
5459,True,0
5460,True,1
5461,True,1
5462,False,0
5463,True,0
5464,False,0
5465,False,0
5466,True,0
5467,True,0
5468,True,0
5469,False,0
5470,True,0
5471,True,0
5472,True,0
5473,True,0
5474,True,0
5475,True,0
5476,True,0
5477,True,0
5478,True,0
5479,True,0
5480,True,1
5481,False,0
5482,False,0
5483,False,0
5484,True,0
5485,True,0
5486,True,0
5487,True,0
5488,False,0
5489,False,0
5490,True,0
5491,False,0
5492,True,0
5493,True,0
5494,True,0
5495,False,0
5496,False,0
5497,False,0
5498,False,0
5499,False,0
5500,False,0
5501,True,0
5502,True,1
5503,True,1
5504,True,0
5505,False,0
5506,True,0
5507,False,0
5508,False,0
5509,False,0
5510,False,0
5511,False,0
5512,False,0
5513,False,0
5514,False,0
5515,False,0
5516,False,0
5517,True,0
5518,True,0
5519,False,0
5520,True,0
5521,True,0
5522,True,0
5523,False,0
5524,True,1
5525,True,1
5526,True,0
5527,False,0
5528,False,0
5529,False,0
5530,True,0
5531,True,0
5532,False,0
5533,False,0
5534,False,0
5535,False,0
5536,False,0
5537,True,0
5538,False,0
5539,True,0
5540,True,0
5541,False,0
5542,True,0
5543,False,0
5544,False,0
5545,True,0
5546,True,0
5547,True,1
5548,False,0
5549,False,0
5550,True,0
5551,True,1
5552,True,0
5553,True,0
5554,True,0
5555,False,0
5556,False,0
5557,False,0
5558,True,1
5559,True,1
5560,False,0
5561,True,0
5562,False,0
5563,False,0
5564,True,0
5565,True,0
5566,True,0
5567,False,0
5568,False,0
5569,False,0
5570,True,1
5571,True,1
5572,True,0
5573,True,0
5574,True,1
5575,True,1
5576,True,0
5577,False,0
5578,False,0
5579,False,0
5580,True,0
5581,False,0
5582,False,0
5583,False,0
5584,True,0
5585,True,0
5586,False,0
5587,False,0
5588,True,0
5589,True,0
5590,True,0
5591,True,0
5592,False,0
5593,True,0
5594,True,0
5595,True,0
5596,False,0
5597,False,0
5598,False,0
5599,True,0
5600,False,0
5601,True,0
5602,False,0
5603,True,0
5604,False,0
5605,False,0
5606,False,0
5607,True,0
5608,True,0
5609,True,0
5610,True,0
5611,True,0
5612,True,0
5613,True,0
5614,False,0
5615,False,0
5616,False,0
5617,False,0
5618,False,0
5619,True,0
5620,False,0
5621,True,0
5622,False,0
5623,False,0
5624,True,1
5625,True,1
5626,False,0
5627,True,0
5628,False,0
5629,False,0
5630,False,0
5631,True,0
5632,False,0
5633,False,0
5634,True,0
5635,True,0
5636,False,0
5637,False,0
5638,True,0
5639,True,0
5640,False,0
5641,False,0
5642,False,0
5643,True,0
5644,True,0
5645,True,0
5646,True,0
5647,True,0
5648,True,1
5649,True,1
5650,True,0
5651,False,0
5652,False,0
5653,False,0
5654,False,0
5655,False,0
5656,False,0
5657,True,0
5658,False,0
5659,False,0
5660,False,0
5661,False,0
5662,False,0
5663,False,0
5664,False,0
5665,False,0
5666,True,0
5667,True,0
5668,True,1
5669,True,1
5670,False,0
5671,False,0
5672,True,0
5673,True,0
5674,True,0
5675,True,0
5676,False,0
5677,True,0
5678,False,0
5679,True,0
5680,True,0
5681,True,0
5682,True,1
5683,True,1
5684,True,1
5685,True,1
5686,True,0
5687,True,0
5688,False,0
5689,True,1
5690,True,0
5691,True,0
5692,False,0
5693,False,0
5694,False,0
5695,True,0
5696,False,0
5697,False,0
5698,False,0
5699,False,0
5700,False,0
5701,False,0
5702,True,1
5703,True,1
5704,False,0
5705,True,0
5706,True,0
5707,False,0
5708,False,0
5709,False,0
5710,False,0
5711,True,0
5712,False,0
5713,False,0
5714,False,0
5715,False,0
5716,False,0
5717,False,0
5718,True,0
5719,True,0
5720,False,0
5721,True,0
5722,True,0
5723,True,0
5724,True,0
5725,True,0
5726,False,0
5727,False,0
5728,False,0
5729,True,0
5730,False,0
5731,False,0
5732,False,0
5733,False,0
5734,True,1
5735,True,1
5736,False,0
5737,False,0
5738,False,0
5739,True,0
5740,False,0
5741,False,0
5742,True,0
5743,True,0
5744,False,0
5745,True,0
5746,True,0
5747,True,0
5748,False,0
5749,True,0
5750,True,0
5751,False,0
5752,True,1
5753,True,1
5754,False,0
5755,False,0
5756,False,0
5757,False,0
5758,True,0
5759,True,0
5760,True,0
5761,True,0
5762,False,0
5763,True,0
5764,False,0
5765,False,0
5766,False,0
5767,False,0
5768,False,0
5769,True,0
5770,False,0
5771,True,0
5772,True,0
5773,True,0
5774,True,0
5775,True,0
5776,True,0
5777,False,0
5778,True,0
5779,True,0
5780,False,0
5781,False,0
5782,True,0
5783,True,0
5784,True,0
5785,False,0
5786,False,0
5787,False,0
5788,False,0
5789,False,0
5790,False,0
5791,False,0
5792,True,0
5793,True,0
5794,False,0
5795,False,0
5796,True,0
5797,True,0
5798,False,0
5799,False,0
5800,False,0
5801,False,0
5802,True,0
5803,False,0
5804,False,0
5805,False,0
5806,False,0
5807,False,0
5808,False,0
5809,False,0
5810,True,0
5811,False,0
5812,False,0
5813,False,0
5814,True,0
5815,False,0
5816,False,0
5817,True,0
5818,True,0
5819,True,0
5820,True,0
5821,True,0
5822,False,0
5823,False,0
5824,False,0
5825,False,0
5826,False,0
5827,False,0
5828,False,0
5829,True,0
5830,True,0
5831,True,0
5832,False,0
5833,False,0
5834,False,0
5835,False,0
5836,False,0
5837,False,0
5838,False,0
5839,False,0
5840,False,0
5841,False,0
5842,False,0
5843,False,0
5844,False,0
5845,False,0
5846,False,0
5847,False,0
5848,True,0
5849,True,0
5850,False,0
5851,True,0
5852,False,0
5853,False,0
5854,False,0
5855,False,0
5856,False,0
5857,False,0
5858,False,0
5859,False,0
5860,False,0
5861,False,0
5862,True,0
5863,True,0
5864,True,0
5865,False,0
5866,False,0
5867,False,0
5868,False,0
5869,False,0
5870,False,0
5871,False,0
5872,False,0
5873,False,0
5874,False,0
5875,False,0
5876,True,0
5877,True,0
5878,False,0
5879,False,0
5880,False,0
5881,False,0
5882,False,0
5883,False,0
5884,False,0
5885,False,0
5886,False,0
5887,False,0
5888,False,0
5889,False,0
5890,False,0
5891,False,0
5892,False,0
5893,True,0
5894,False,0
5895,True,0
5896,False,0
5897,False,0
5898,False,0
5899,True,0
5900,False,0
5901,False,0
5902,True,0
5903,True,0
5904,False,0
5905,False,0
5906,False,0
5907,True,0
5908,False,0
5909,False,0
5910,False,0
5911,False,0
5912,False,0
5913,False,0
5914,False,0
5915,False,0
5916,False,0
5917,False,0
5918,False,0
5919,False,0
5920,False,0
5921,False,0
5922,False,0
5923,False,0
5924,False,0
5925,True,0
5926,True,0
5927,True,0
5928,False,0
5929,False,0
5930,True,0
5931,True,0
5932,True,0
5933,True,0
5934,True,0
5935,True,0
5936,True,0
5937,False,0
5938,True,0
5939,False,0
5940,False,0
5941,True,0
5942,True,0
5943,True,0
5944,False,0
5945,False,0
5946,False,0
5947,False,0
5948,False,0
5949,False,0
5950,False,0
5951,False,0
5952,True,0
5953,True,0
5954,False,0
5955,False,0
5956,False,0
5957,False,0
5958,False,0
5959,False,0
5960,True,0
5961,False,0
5962,True,0
5963,True,0
5964,False,0
5965,False,0
5966,False,0
5967,False,0
5968,False,0
5969,False,0
5970,False,0
5971,False,0
5972,False,0
5973,False,0
5974,False,0
5975,False,0
5976,True,1
5977,True,1
5978,False,0
5979,False,0
5980,False,0
5981,False,0
5982,True,1
5983,False,0
5984,False,0
5985,False,0
5986,False,0
5987,False,0
5988,False,0
5989,False,0
5990,False,0
5991,False,0
5992,True,1
5993,True,1
5994,False,0
5995,True,0
5996,False,0
5997,False,0
5998,True,0
5999,False,0
6000,False,0
6001,False,0
6002,False,0
6003,False,0
6004,False,0
6005,False,0
6006,False,0
6007,False,0
6008,False,0
6009,True,0
6010,True,0
6011,True,0
6012,False,0
6013,False,0
6014,False,0
6015,False,0
6016,False,0
6017,False,0
6018,False,0
6019,False,0
6020,False,0
6021,False,0
6022,False,0
6023,False,0
6024,False,0
6025,False,0
6026,False,0
6027,False,0
6028,False,0
6029,False,0
6030,True,1
6031,True,1
6032,False,0
6033,False,0
6034,False,0
6035,False,0
6036,True,0
6037,True,0
6038,True,0
6039,False,0
6040,False,0
6041,False,0
6042,True,0
6043,True,0
6044,False,0
6045,False,0
6046,False,0
6047,True,0
6048,False,0
6049,True,0
6050,True,0
6051,True,0
6052,True,0
6053,False,0
6054,False,0
6055,False,0
6056,False,0
6057,False,0
6058,True,1
6059,True,0
6060,False,0
6061,False,0
6062,False,0
6063,False,0
6064,True,0
6065,False,0
6066,False,0
6067,False,0
6068,True,0
6069,False,0
6070,False,0
6071,False,0
6072,False,0
6073,True,0
6074,False,0
6075,False,0
6076,False,0
6077,False,0
6078,False,0
6079,False,0
6080,False,0
6081,True,0
6082,True,0
6083,True,0
6084,False,0
6085,False,0
6086,False,0
6087,False,0
6088,False,0
6089,False,0
6090,False,0
6091,False,0
6092,False,0
6093,False,0
6094,True,0
6095,False,0
6096,False,0
6097,False,0
6098,True,0
6099,False,0
6100,False,0
6101,True,0
6102,True,0
6103,True,0
6104,True,0
6105,False,0
6106,False,0
6107,False,0
6108,True,0
6109,True,0
6110,True,0
6111,True,0
6112,False,0
6113,True,0
6114,True,0
6115,True,0
6116,False,0
6117,False,0
6118,True,0
6119,True,0
6120,False,0
6121,False,0
6122,False,0
6123,False,0
6124,False,0
6125,True,1
6126,False,0
6127,True,0
6128,True,0
6129,True,0
6130,True,0
6131,False,0
6132,True,0
6133,True,0
6134,False,0
6135,False,0
6136,True,0
6137,True,0
6138,True,0
6139,False,0
6140,False,0
6141,False,0
6142,False,0
6143,False,0
6144,False,0
6145,True,0
6146,False,0
6147,False,0
6148,False,0
6149,False,0
6150,False,0
6151,False,0
6152,False,0
6153,False,0
6154,True,1
6155,True,1
6156,True,1
6157,True,0
6158,False,0
6159,True,0
6160,True,0
6161,True,0
6162,True,1
6163,True,0
6164,False,0
6165,True,0
6166,True,0
6167,True,0
6168,False,0
6169,False,0
6170,True,0
6171,True,0
6172,True,0
6173,True,0
6174,False,0
6175,False,0
6176,True,1
6177,False,0
6178,True,1
6179,True,1
6180,False,0
6181,False,0
6182,True,0
6183,False,0
6184,False,0
6185,False,0
6186,True,1
6187,True,1
6188,False,0
6189,False,0
6190,False,0
6191,False,0
6192,True,0
6193,False,0
6194,False,0
6195,True,0
6196,True,0
6197,False,0
6198,False,0
6199,False,0
6200,False,0
6201,False,0
6202,False,0
6203,True,0
6204,False,0
6205,False,0
6206,False,0
6207,True,0
6208,True,0
6209,True,1
6210,False,0
6211,False,0
6212,False,0
6213,True,0
6214,False,0
6215,True,0
6216,False,0
6217,True,0
6218,True,0
6219,True,0
6220,False,0
6221,False,0
6222,True,0
6223,True,1
6224,False,0
6225,False,0
6226,False,0
6227,False,0
6228,False,0
6229,False,0
6230,False,0
6231,False,0
6232,False,0
6233,False,0
6234,False,0
6235,False,0
6236,False,0
6237,False,0
6238,False,0
6239,True,0
6240,False,0
6241,False,0
6242,False,0
6243,False,0
6244,False,0
6245,True,0
6246,False,0
6247,False,0
6248,False,0
6249,False,0
6250,False,0
6251,False,0
6252,True,0
6253,True,0
6254,False,0
6255,False,0
6256,True,0
6257,False,0
6258,False,0
6259,False,0
6260,False,0
6261,True,0
6262,True,0
6263,False,0
6264,False,0
6265,False,0
6266,False,0
6267,False,0
6268,True,0
6269,False,0
6270,False,0
6271,True,0
6272,False,0
6273,False,0
6274,False,0
6275,False,0
6276,False,0
6277,False,0
6278,False,0
6279,False,0
6280,False,0
6281,False,0
6282,False,0
6283,True,0
6284,False,0
6285,False,0
6286,False,0
6287,False,0
6288,True,0
6289,True,0
6290,True,1
6291,True,1
6292,False,0
6293,False,0
6294,False,0
6295,False,0
6296,False,0
6297,True,0
6298,False,0
6299,False,0
6300,False,0
6301,False,0
6302,False,0
6303,False,0
6304,False,0
6305,False,0
6306,False,0
6307,True,0
6308,False,0
6309,True,0
6310,True,0
6311,True,0
6312,True,0
6313,False,0
6314,False,0
6315,False,0
6316,False,0
6317,False,0
6318,False,0
6319,True,0
6320,True,0
6321,True,0
6322,False,0
6323,False,0
6324,False,0
6325,False,0
6326,False,0
6327,False,0
6328,False,0
6329,True,0
6330,True,0
6331,False,0
6332,False,0
6333,True,0
6334,False,0
6335,True,0
6336,False,0
6337,False,0
6338,False,0
6339,False,0
6340,True,0
6341,False,0
6342,False,0
6343,False,0
6344,True,0
6345,True,0
6346,False,0
6347,False,0
6348,True,0
6349,True,0
6350,True,0
6351,False,0
6352,True,1
6353,True,0
6354,False,0
6355,True,0
6356,True,0
6357,True,0
6358,False,0
6359,False,0
6360,False,0
6361,True,0
6362,True,0
6363,False,0
6364,False,0
6365,False,0
6366,False,0
6367,True,0
6368,False,0
6369,False,0
6370,False,0
6371,False,0
6372,False,0
6373,False,0
6374,False,0
6375,False,0
6376,False,0
6377,False,0
6378,True,0
6379,True,0
6380,False,0
6381,False,0
6382,False,0
6383,False,0
6384,False,0
6385,True,0
6386,False,0
6387,False,0
6388,False,0
6389,False,0
6390,False,0
6391,False,0
6392,False,0
6393,False,0
6394,False,0
6395,False,0
6396,False,0
6397,False,0
6398,False,0
6399,True,0
6400,True,0
6401,True,0
6402,False,0
6403,False,0
6404,False,0
6405,False,0
6406,False,0
6407,False,0
6408,False,0
6409,False,0
6410,False,0
6411,False,0
6412,False,0
6413,False,0
6414,False,0
6415,False,0
6416,False,0
6417,False,0
6418,False,0
6419,False,0
6420,False,0
6421,False,0
6422,False,0
6423,False,0
6424,False,0
6425,False,0
6426,True,0
6427,False,0
6428,True,0
6429,True,0
6430,True,0
6431,False,0
6432,True,0
6433,True,0
6434,False,0
6435,False,0
6436,False,0
6437,False,0
6438,False,0
6439,True,0
6440,False,0
6441,False,0
6442,False,0
6443,False,0
6444,True,0
6445,False,0
6446,False,0
6447,False,0
6448,False,0
6449,False,0
6450,False,0
6451,False,0
6452,False,0
6453,False,0
6454,False,0
6455,False,0
6456,False,0
6457,False,0
6458,False,0
6459,False,0
6460,False,0
6461,True,0
6462,False,0
6463,False,0
6464,False,0
6465,False,0
6466,False,0
6467,False,0
6468,False,0
6469,True,0
6470,False,0
6471,False,0
6472,False,0
6473,False,0
6474,False,0
6475,False,0
6476,True,0
6477,True,0
6478,True,0
6479,False,0
6480,False,0
6481,False,0
6482,True,0
6483,True,0
6484,False,0
6485,False,0
6486,False,0
6487,False,0
6488,False,0
6489,False,0
6490,True,0
6491,True,0
6492,False,0
6493,False,0
6494,False,0
6495,False,0
6496,False,0
6497,True,0
6498,False,0
6499,False,0
6500,False,0
6501,False,0
6502,True,0
6503,True,0
6504,True,0
6505,True,0
6506,True,0
6507,True,0
6508,False,0
6509,True,0
6510,True,0
6511,False,0
6512,False,0
6513,False,0
6514,False,0
6515,False,0
6516,False,0
6517,True,0
6518,False,0
6519,False,0
6520,False,0
6521,False,0
6522,True,0
6523,False,0
6524,True,0
6525,True,0
6526,True,0
6527,True,0
6528,True,0
6529,True,0
6530,True,0
6531,False,0
6532,True,0
6533,True,0
6534,True,0
6535,False,0
6536,False,0
6537,False,0
6538,False,0
6539,True,0
6540,False,0
6541,False,0
6542,False,0
6543,False,0
6544,True,0
6545,True,0
6546,True,0
6547,True,0
6548,False,0
6549,False,0
6550,True,0
6551,True,0
6552,False,0
6553,False,0
6554,False,0
6555,False,0
6556,False,0
6557,False,0
6558,False,0
6559,False,0
6560,False,0
6561,False,0
6562,False,0
6563,True,0
6564,False,0
6565,True,0
6566,False,0
6567,True,0
6568,False,0
6569,True,0
6570,True,0
6571,True,0
6572,True,0
6573,True,0
6574,False,0
6575,False,0
6576,False,0
6577,False,0
6578,False,0
6579,False,0
6580,False,0
6581,False,0
6582,True,0
6583,True,0
6584,False,0
6585,True,0
6586,False,0
6587,False,0
6588,False,0
6589,True,0
6590,True,0
6591,False,0
6592,False,0
6593,False,0
6594,False,0
6595,False,0
6596,False,0
6597,False,0
6598,True,0
6599,True,0
6600,True,0
6601,True,0
6602,True,0
6603,False,0
6604,False,0
6605,True,0
6606,True,0
6607,True,0
6608,False,0
6609,True,0
6610,False,0
6611,False,0
6612,False,0
6613,False,0
6614,False,0
6615,False,0
6616,False,0
6617,False,0
6618,False,0
6619,False,0
6620,True,0
6621,False,0
6622,False,0
6623,False,0
6624,False,0
6625,False,0
6626,False,0
6627,False,0
6628,True,0
6629,False,0
6630,False,0
6631,False,0
6632,False,0
6633,False,0
6634,False,0
6635,True,0
6636,False,0
6637,False,0
6638,False,0
6639,True,0
6640,False,0
6641,False,0
6642,False,0
6643,False,0
6644,False,0
6645,False,0
6646,False,0
6647,True,0
6648,False,0
6649,False,0
6650,False,0
6651,False,0
6652,False,0
6653,False,0
6654,False,0
6655,True,0
6656,False,0
6657,False,0
6658,False,0
6659,False,0
6660,True,0
6661,True,0
6662,False,0
6663,False,0
6664,False,0
6665,False,0
6666,False,0
6667,False,0
6668,False,0
6669,False,0
6670,False,0
6671,False,0
6672,False,0
6673,False,0
6674,True,0
6675,True,0
6676,False,0
6677,False,0
6678,False,0
6679,False,0
6680,False,0
6681,True,0
6682,False,0
6683,False,0
6684,False,0
6685,False,0
6686,False,0
6687,False,0
6688,True,0
6689,True,0
6690,False,0
6691,False,0
6692,False,0
6693,True,0
6694,False,0
6695,False,0
6696,True,0
6697,True,0
6698,False,0
6699,False,0
6700,False,0
6701,False,0
6702,False,0
6703,False,0
6704,False,0
6705,True,0
6706,False,0
6707,False,0
6708,False,0
6709,False,0
6710,False,0
6711,False,0
6712,False,0
6713,False,0
6714,False,0
6715,False,0
6716,False,0
6717,False,0
6718,True,0
6719,True,0
6720,True,0
6721,True,0
6722,True,0
6723,True,0
6724,False,0
6725,False,0
6726,False,0
6727,False,0
6728,False,0
6729,False,0
6730,True,0
6731,True,0
6732,False,0
6733,False,0
6734,False,0
6735,False,0
6736,False,0
6737,False,0
6738,False,0
6739,False,0
6740,True,0
6741,True,0
6742,True,0
6743,False,0
6744,False,0
6745,False,0
6746,False,0
6747,False,0
6748,False,0
6749,False,0
6750,False,0
6751,False,0
6752,False,0
6753,False,0
6754,True,0
6755,True,0
6756,False,0
6757,False,0
6758,False,0
6759,False,0
6760,False,0
6761,False,0
6762,False,0
6763,False,0
6764,False,0
6765,False,0
6766,False,0
6767,False,0
6768,False,0
6769,True,0
6770,True,0
6771,True,0
6772,False,0
6773,True,0
6774,False,0
6775,False,0
6776,False,0
6777,False,0
6778,False,0
6779,False,0
6780,True,0
6781,True,0
6782,False,0
6783,False,0
6784,True,0
6785,True,0
6786,False,0
6787,False,0
6788,True,0
6789,False,0
6790,False,0
6791,False,0
6792,True,0
6793,True,0
6794,False,0
6795,False,0
6796,True,1
6797,True,0
6798,True,0
6799,False,0
6800,False,0
6801,False,0
6802,False,0
6803,True,0
6804,False,0
6805,False,0
6806,False,0
6807,False,0
6808,True,0
6809,True,0
6810,False,0
6811,False,0
6812,False,0
6813,False,0
6814,False,0
6815,False,0
6816,False,0
6817,False,0
6818,False,0
6819,True,0
6820,False,0
6821,False,0
6822,False,0
6823,False,0
6824,False,0
6825,False,0
6826,False,0
6827,False,0
6828,False,0
6829,False,0
6830,False,0
6831,False,0
6832,False,0
6833,False,0
6834,False,0
6835,False,0
6836,False,0
6837,False,0
6838,False,0
6839,False,0
6840,False,0
6841,False,0
6842,False,0
6843,True,0
6844,False,0
6845,False,0
6846,False,0
6847,True,0
6848,False,0
6849,False,0
6850,False,0
6851,False,0
6852,False,0
6853,True,0
6854,False,0
6855,False,0
6856,False,0
6857,False,0
6858,False,0
6859,False,0
6860,False,0
6861,False,0
6862,False,0
6863,True,0
6864,True,0
6865,True,0
6866,False,0
6867,False,0
6868,False,0
6869,False,0
6870,False,0
6871,False,0
6872,False,0
6873,False,0
6874,False,0
6875,False,0
6876,True,0
6877,True,0
6878,False,0
6879,False,0
6880,False,0
6881,False,0
6882,False,0
6883,False,0
6884,False,0
6885,False,0
6886,False,0
6887,True,0
6888,False,0
6889,False,0
6890,False,0
6891,False,0
6892,False,0
6893,False,0
6894,False,0
6895,False,0
6896,False,0
6897,False,0
6898,False,0
6899,False,0
6900,False,0
6901,False,0
6902,False,0
6903,False,0
6904,False,0
6905,False,0
6906,False,0
6907,False,0
6908,False,0
6909,False,0
6910,False,0
6911,False,0
6912,True,0
6913,False,0
6914,True,0
6915,False,0
6916,True,0
6917,False,0
6918,False,0
6919,False,0
6920,False,0
6921,False,0
6922,False,0
6923,False,0
6924,False,0
6925,False,0
6926,False,0
6927,False,0
6928,False,0
6929,False,0
6930,True,0
6931,True,0
6932,True,0
6933,True,0
6934,True,0
6935,True,0
6936,False,0
6937,False,0
6938,False,0
6939,False,0
6940,False,0
6941,False,0
6942,False,0
6943,False,0
6944,False,0
6945,False,0
6946,False,0
6947,False,0
6948,False,0
6949,False,0
6950,False,0
6951,False,0
6952,False,0
6953,True,1
6954,True,1
6955,True,0
6956,False,0
6957,False,0
