Timestamp,Makine
1,True
2,True
3,True
4,True
5,True
6,True
7,True
8,True
9,True
10,True
11,True
12,True
13,True
14,True
15,True
16,True
17,True
18,True
19,True
20,True
21,True
22,True
23,True
24,True
25,True
26,True
27,True
28,True
29,True
30,True
31,True
32,True
33,True
34,True
35,True
36,True
37,True
38,True
39,True
40,True
41,True
42,True
43,True
44,True
45,True
46,True
47,True
48,True
49,True
50,True
51,True
52,True
53,True
54,True
55,True
56,True
57,True
58,True
59,True
60,True
61,True
62,True
63,True
64,True
65,True
66,True
67,True
68,True
69,True
70,True
71,True
72,True
73,True
74,True
75,True
76,True
77,True
78,True
79,True
80,True
81,True
82,True
83,True
84,True
85,True
86,True
87,True
88,True
89,True
90,True
91,True
92,True
93,True
94,True
95,True
96,True
97,True
98,True
99,True
100,True
101,True
102,True
103,True
104,True
105,True
106,True
107,True
107,True
109,True
109,True
111,True
112,True
113,True
114,True
114,True
116,True
117,True
118,True
119,True
120,True
121,True
122,True
123,True
123,True
125,True
126,True
127,True
128,True
129,True
130,True
131,True
132,True
133,True
134,True
135,True
135,True
137,True
138,True
138,True
139,True
141,True
142,True
143,True
144,True
145,True
146,True
147,True
148,True
149,True
150,True
151,True
152,True
153,True
154,True
155,True
156,True
157,True
158,True
159,True
160,True
161,True
162,True
163,True
164,True
165,True
166,True
167,True
168,True
169,True
170,True
171,True
172,True
173,True
174,True
175,True
176,True
177,True
178,True
179,True
180,True
181,True
182,True
183,True
184,True
185,True
186,True
187,True
188,True
189,True
190,True
191,True
192,True
193,True
194,True
195,True
196,True
197,True
198,True
199,True
200,True
201,True
202,True
203,True
204,True
205,True
206,True
207,True
208,True
209,True
210,True
211,True
212,True
213,True
214,True
215,True
216,True
217,True
218,True
219,True
220,True
221,True
222,True
223,True
224,True
225,True
226,True
227,True
228,True
229,True
230,True
231,True
232,True
233,True
234,True
235,True
236,True
237,True
238,True
239,True
240,True
241,False
242,False
243,False
244,False
245,False
246,False
247,False
248,False
249,False
250,False
251,False
252,False
253,False
254,False
255,False
256,False
257,False
258,False
259,False
260,False
261,False
262,False
263,False
264,False
265,False
266,False
267,False
268,False
269,False
270,False
271,False
272,False
273,False
274,False
275,False
276,False
277,False
278,False
279,False
280,False
281,False
282,False
283,False
284,False
285,False
286,False
287,False
288,False
289,False
290,False
291,False
292,False
293,False
294,False
295,False
296,False
297,False
298,False
299,False
300,False
301,False
302,False
303,False
304,False
305,False
306,False
307,False
308,False
309,False
310,False
311,False
312,False
313,False
314,False
315,False
316,False
317,False
318,False
319,False
320,False
321,False
322,False
323,False
324,False
325,False
326,False
327,False
328,False
329,False
330,False
331,False
332,False
333,False
334,False
335,False
336,False
337,False
338,False
339,False
340,False
341,False
342,False
343,False
344,False
345,False
346,False
347,False
348,False
349,False
350,False
351,False
352,False
353,False
354,False
355,False
356,False
357,False
358,False
359,False
360,False
361,False
362,False
363,False
364,False
365,False
366,False
367,False
368,False
369,False
370,False
371,False
372,False
373,False
374,False
375,False
376,False
377,False
378,False
379,False
380,False
381,False
382,False
383,False
384,False
385,False
386,False
387,False
388,False
389,False
390,False
391,False
392,False
393,False
394,False
395,False
396,False
397,False
398,False
399,False
400,False
401,False
402,False
403,False
404,False
405,False
406,False
407,False
408,False
409,False
410,False
411,False
412,False
413,False
414,False
415,True
416,True
417,True
418,True
419,True
420,False
421,False
422,False
423,False
424,False
425,True
426,True
427,True
428,True
429,True
430,True
431,True
432,False
433,False
434,False
435,False
436,False
437,False
438,False
439,False
440,False
441,True
442,True
443,True
444,True
445,True
446,True
447,True
448,True
449,True
450,True
451,True
452,True
453,True
454,True
455,True
456,True
457,True
458,True
459,True
460,True
461,True
462,True
463,True
464,True
465,True
466,True
467,True
468,True
469,True
470,True
471,True
472,True
473,True
474,True
475,True
476,True
477,True
478,True
478,True
480,True
481,True
482,True
483,True
484,True
485,True
485,True
487,True
488,True
489,True
490,True
491,True
492,True
493,True
494,True
495,True
496,True
497,True
498,True
499,True
500,True
501,True
502,True
503,True
504,True
505,True
506,True
507,True
508,True
509,True
510,True
511,True
512,True
513,True
514,True
515,True
516,True
517,True
518,True
519,True
520,True
521,True
522,True
523,True
524,True
525,True
526,True
527,True
528,True
529,True
530,True
531,True
532,True
533,True
534,True
535,True
536,True
537,True
538,True
539,True
540,True
541,True
542,True
543,True
544,True
545,True
546,True
547,True
548,True
549,True
550,True
551,True
552,True
553,True
554,True
555,True
556,True
557,True
557,True
559,True
560,True
561,True
562,True
563,True
564,True
565,True
566,True
567,True
568,True
569,True
570,True
571,True
571,True
573,True
574,True
575,True
576,True
577,True
578,True
579,True
580,True
581,True
582,True
583,True
584,True
585,True
586,True
587,True
588,True
589,True
589,True
591,True
592,True
593,True
594,True
595,True
596,True
597,True
598,True
599,True
600,True
601,True
602,True
603,True
604,True
605,True
606,True
607,True
608,True
609,True
610,True
611,True
612,True
613,True
614,True
615,True
616,True
617,True
618,True
619,True
620,True
621,True
622,True
623,True
624,True
625,True
626,True
627,True
628,True
629,True
630,True
631,True
632,True
633,True
634,True
635,True
636,True
637,True
638,True
639,True
640,True
641,True
642,True
643,True
644,True
645,True
646,True
647,True
648,True
649,True
650,True
651,True
652,True
653,True
654,True
655,True
656,True
657,True
658,True
659,True
660,True
661,True
662,True
663,True
664,True
665,True
666,True
667,True
668,True
669,True
670,True
671,True
672,True
673,True
674,True
675,True
675,True
677,True
678,True
679,True
680,True
681,True
682,True
683,True
684,True
685,True
686,True
687,True
688,True
689,True
690,False
691,False
692,False
693,False
694,False
695,False
696,False
697,False
698,False
699,False
700,False
701,False
702,False
703,False
704,False
705,False
706,False
707,False
708,False
709,False
710,False
711,False
712,False
713,False
714,False
715,False
716,False
717,False
718,False
719,False
720,False
721,False
722,False
723,False
724,False
725,False
726,False
727,False
728,False
729,False
730,False
731,False
732,False
733,False
734,False
735,False
736,False
737,False
738,False
739,False
740,False
741,False
742,False
743,False
744,False
745,False
746,False
747,False
748,False
749,False
750,False
751,False
752,False
753,False
754,False
755,False
756,False
757,False
758,False
759,False
760,False
761,False
762,False
763,False
764,False
765,False
766,False
767,False
768,False
769,False
770,False
771,False
772,False
773,False
774,False
775,False
776,False
777,False
778,False
779,False
780,False
781,False
782,False
783,False
784,False
785,False
786,False
787,False
788,False
789,False
790,False
791,False
792,False
793,False
794,False
795,False
796,False
797,False
798,False
799,False
800,False
801,False
802,False
803,False
804,False
805,False
806,False
807,False
808,False
809,False
810,False
811,False
812,False
813,False
814,False
815,False
816,False
817,False
818,False
819,False
820,False
821,False
822,False
823,False
824,False
825,False
826,False
827,False
828,False
829,False
830,False
831,False
832,False
833,False
834,False
835,False
836,False
837,False
838,False
839,False
840,False
841,False
842,False
843,False
844,False
845,False
846,False
847,False
848,False
849,False
850,False
851,False
852,False
853,False
854,False
855,False
856,False
857,False
858,False
859,False
860,False
861,False
862,False
863,False
864,False
865,False
866,False
867,False
868,False
869,False
870,False
871,False
872,False
873,False
874,False
875,False
876,False
877,False
878,False
879,False
880,False
881,False
882,False
883,False
884,False
885,False
886,False
887,False
888,False
889,False
890,False
891,False
892,False
893,False
894,False
895,False
896,False
897,False
898,False
899,False
900,False
901,False
902,False
903,False
904,False
905,False
906,False
907,False
908,False
909,False
910,False
911,False
912,False
913,False
914,False
915,False
916,False
917,False
918,False
919,False
920,False
921,False
922,False
923,False
924,False
925,False
926,False
927,False
928,False
929,False
930,False
931,False
932,False
933,False
934,False
935,False
936,False
937,False
938,False
939,False
940,False
941,False
942,False
943,False
944,False
945,False
946,False
947,False
948,False
949,False
950,False
951,False
952,False
953,False
954,False
955,False
956,False
957,False
958,False
959,False
960,True
961,True
962,True
963,True
963,True
965,False
966,False
967,False
968,False
969,False
970,False
971,True
972,True
973,True
974,True
975,True
976,True
977,True
978,True
979,True
980,True
981,True
982,True
983,True
984,True
985,True
986,True
987,True
988,True
989,True
990,True
991,True
992,True
993,True
994,True
995,True
996,True
997,True
998,True
999,True
1000,True
1001,True
1002,True
1003,True
1004,True
1005,True
1006,True
1007,True
1008,True
1009,True
1010,True
1011,True
1012,True
1013,True
1014,True
1015,True
1016,True
1017,True
1018,True
1019,True
1020,True
1021,True
1022,True
1023,True
1024,True
1025,True
1026,True
1027,True
1028,True
1029,True
1030,True
1031,True
1032,True
1033,True
1034,True
1035,True
1036,True
1037,True
1038,True
1039,True
1040,True
1041,True
1042,True
1043,True
1044,True
1045,True
1046,True
1047,True
1048,True
1049,True
1050,True
1051,True
1052,True
1053,True
1054,True
1055,True
1056,True
1057,True
1058,True
1059,True
1060,True
1061,True
1062,True
1063,True
1064,True
1065,True
1066,True
1067,True
1068,True
1069,True
1070,True
1071,True
1072,True
1073,True
1074,True
1075,True
1076,True
1077,True
1078,True
1079,True
1080,True
1081,True
1082,True
1083,True
1084,True
1085,True
1086,True
1086,True
1087,True
1089,True
1090,True
1091,True
1092,True
1093,True
1094,True
1095,True
1096,True
1097,True
1098,True
1099,True
1099,True
1101,True
1102,True
1103,True
1104,True
1105,True
1106,True
1107,True
1108,True
1109,True
1110,True
1111,True
1112,True
1113,True
1114,True
1115,True
1116,True
1117,True
1117,True
1118,True
1120,True
1121,True
1122,True
1123,True
1124,True
1125,True
1126,True
1127,True
1127,True
1129,True
1130,True
1131,True
1132,True
1133,True
1134,True
1135,True
1136,True
1137,True
1138,True
1139,True
1140,True
1141,True
1142,True
1143,True
1144,True
1145,True
1146,True
1147,True
1148,True
1148,True
1150,True
1151,True
1152,True
1153,True
1154,True
1155,True
1156,True
1157,True
1158,True
1159,True
1160,True
1161,True
1162,True
1163,True
1164,True
1165,True
1166,True
1167,True
1168,True
1169,True
1170,True
1171,True
1172,True
1173,True
1174,True
1175,True
1176,True
1177,True
1178,True
1179,True
1180,True
1181,True
1182,True
1183,True
1184,True
1185,True
1185,True
1185,True
1188,True
1189,True
1189,True
1189,True
1189,True
1193,True
1194,True
1195,True
1195,True
1195,True
1198,True
1199,True
1200,True
1200,True
1200,True
1203,False
1203,False
1203,False
1206,False
1207,False
1208,False
1209,False
1210,False
1210,False
1210,False
1210,False
1210,False
1210,False
1216,False
1217,True
1218,True
1219,True
1220,True
1221,True
1222,True
1223,True
1224,True
1225,True
1226,True
1227,True
1228,True
1229,True
1230,True
1231,True
1232,True
1233,True
1234,True
1235,True
1236,True
1237,True
1238,True
1239,True
1240,True
1240,True
1242,True
1243,True
1244,True
1245,True
1245,True
1247,True
1248,True
1249,True
1250,True
1251,True
1251,True
1253,True
1254,True
1255,True
1256,True
1257,True
1258,True
1259,True
1260,True
1261,True
1262,True
1263,True
1264,True
1265,True
1266,True
1267,False
1268,False
1269,False
1270,False
1271,False
1272,False
1273,False
1274,False
1275,False
1276,False
1277,False
1278,False
1279,False
1280,False
1281,False
1282,False
1283,False
1284,False
1285,False
1286,False
1287,False
1288,False
1289,False
1290,False
1291,False
1292,False
1293,False
1294,False
1295,False
1296,False
1297,False
1298,False
1299,False
1300,False
1301,False
1302,False
1303,False
1304,False
1305,False
1306,False
1307,False
1308,False
1309,False
1310,False
1311,False
1312,False
1313,False
1314,False
1315,False
1316,False
1317,False
1318,False
1319,False
1320,False
1321,False
1322,False
1323,False
1324,False
1325,False
1326,False
1327,False
1328,False
1329,False
1330,False
1331,False
1332,False
1333,False
1334,False
1335,False
1336,False
1337,False
1338,False
1339,False
1340,False
1341,False
1342,False
1343,False
1344,False
1345,False
1346,False
1347,False
1348,False
1349,False
1350,False
1351,False
1352,False
1353,False
1354,False
1355,False
1356,False
1357,False
1358,False
1359,False
1360,False
1361,False
1362,False
1363,False
1364,False
1365,False
1366,False
1367,False
1368,False
1369,False
1370,False
1371,False
1372,False
1373,False
1374,False
1375,False
1376,False
1377,False
1378,False
1379,False
1380,False
1381,False
1382,False
1383,False
1384,False
1385,False
1386,False
1387,False
1388,False
1389,False
1390,False
1391,False
1392,False
1393,False
1394,False
1395,False
1396,False
1397,False
1398,False
1399,False
1400,False
1401,False
1402,False
1403,False
1404,False
1405,False
1406,False
1407,False
1408,False
1409,False
1410,False
1411,False
1412,False
1413,False
1414,False
1415,False
1416,False
1417,False
1418,False
1419,False
1420,False
1421,False
1422,False
1423,False
1424,False
1425,False
1426,False
1427,False
1428,False
1429,False
1430,False
1431,False
1432,False
1433,False
1434,False
1435,False
1436,False
1437,False
1438,False
1439,False
1440,False
1441,False
1442,False
1443,False
1444,False
1445,False
1446,False
1447,False
1448,False
1449,False
1450,False
1451,False
1452,False
1453,False
1454,False
1455,False
1456,False
1457,False
1458,False
1459,False
1460,False
1461,False
1462,False
1463,False
1464,False
1465,False
1466,False
1467,False
1468,False
1469,False
1470,False
1471,False
1472,False
1473,False
1474,False
1475,False
1476,False
1477,False
1478,False
1479,False
1480,False
1481,False
1482,False
1483,False
1484,False
1485,False
1486,False
1487,False
1488,False
1489,False
1490,False
1491,False
1492,False
1493,False
1494,False
1495,False
1496,False
1497,False
1498,False
1499,False
1500,False
1501,False
1502,False
1503,False
1504,False
1505,False
1506,False
1507,False
1508,False
1509,False
1510,False
1511,False
1512,False
1513,False
1514,False
1515,False
1516,False
1517,False
1518,False
1519,False
1520,False
1521,False
1522,False
1523,False
1524,False
1525,False
1526,False
1527,False
1528,False
1529,False
1530,False
1531,False
1532,False
1533,False
1534,False
1535,False
1536,False
1537,False
1538,False
1539,False
1540,False
1541,False
1542,False
1543,False
1544,False
1545,False
1546,False
1547,False
1548,False
1549,False
1550,False
1551,False
1552,False
1553,False
1554,False
1555,False
1556,False
1557,False
1558,False
1559,False
1560,False
1561,False
1562,False
1563,False
1564,False
1565,False
1566,False
1567,False
1568,False
1569,False
1570,False
1571,False
1572,False
1573,False
1574,False
1575,False
1576,False
1577,False
1578,False
1579,False
1580,False
1581,False
1582,False
1583,False
1584,False
1585,False
1586,False
1587,False
1588,False
1589,False
1590,False
1591,False
1592,False
1593,False
1594,False
1595,False
1596,False
1597,False
1598,False
1599,False
1600,False
1601,False
1602,False
1603,False
1604,False
1605,False
1606,False
1607,False
1608,False
1609,False
1610,False
1611,False
1612,False
1613,False
1614,False
1615,False
1616,False
1617,False
1618,False
1619,False
1620,False
1621,False
1622,False
1623,False
1624,False
1625,False
1626,False
1627,False
1628,False
1629,False
1630,False
1631,False
1632,False
1633,False
1634,False
1635,False
1636,False
1637,False
1638,False
1639,False
1640,False
1641,False
1642,False
1643,False
1644,False
1645,False
1646,False
1647,False
1648,False
1649,False
1650,False
1651,False
1652,False
1653,False
1654,False
1655,False
1656,False
1657,False
1658,False
1659,False
1660,False
1661,False
1662,False
1663,False
1664,False
1665,False
1666,False
1667,False
1668,False
1669,False
1670,False
1671,False
1672,False
1673,False
1674,False
1675,False
1676,False
1677,False
1678,False
1679,False
1680,False
1681,False
1682,True
1683,True
1684,True
1685,True
1686,True
1687,False
1688,False
1689,False
1690,False
1691,False
1692,False
1693,False
1694,False
1695,False
1696,True
1697,True
1698,True
1699,True
1700,True
1701,True
1701,True
1703,True
1704,True
1705,True
1706,True
1707,True
1708,True
1709,True
1710,True
1711,True
1712,True
1713,True
1714,True
1715,True
1716,False
1717,True
1718,True
1719,True
1720,True
1721,True
1722,True
1723,True
1724,True
1725,True
1726,True
1727,True
1728,True
1729,True
1730,True
1731,True
1732,True
1733,True
1734,True
1735,True
1736,True
1737,True
1738,True
1739,True
1740,True
1741,True
1742,True
1743,True
1744,True
1745,True
1746,True
1746,True
1748,True
1749,True
1750,True
1750,True
1752,True
1753,True
1754,True
1755,True
1756,True
1757,True
1758,True
1759,True
1760,True
1761,True
1762,True
1763,True
1764,True
1765,True
1766,True
1767,True
1768,True
1769,True
1770,True
1771,True
1772,True
1773,True
1774,True
1774,True
1776,True
1777,True
1778,True
1779,True
1780,True
1781,True
1782,True
1783,True
1784,True
1785,True
1786,True
1787,True
1788,True
1789,True
1790,True
1791,True
1792,True
1793,True
1793,True
1795,True
1796,True
1797,True
1798,True
1799,True
1800,True
1801,True
1802,True
1803,True
1804,True
1805,True
1806,True
1807,True
1808,True
1809,True
1810,True
1811,True
1812,True
1813,True
1814,True
1815,True
1816,True
1817,True
1818,True
1819,True
1820,True
1821,True
1822,True
1823,True
1824,True
1825,True
1826,True
1827,True
1828,True
1829,True
1830,True
1830,True
1832,True
1833,True
1834,True
1835,True
1835,True
1836,True
1838,True
1839,True
1840,True
1841,True
1842,True
1842,True
1844,True
1844,True
1846,True
1846,True
1848,True
1849,True
1850,True
1851,True
1852,True
1853,True
1854,True
1855,True
1856,True
1857,True
1858,True
1858,True
1860,True
1861,True
1861,True
1863,True
1864,True
1865,True
1866,True
1867,True
1868,True
1869,True
1870,True
1871,True
1872,True
1873,True
1874,True
1875,True
1876,True
1877,True
1878,True
1879,True
1880,True
1881,True
1882,True
1883,True
1884,True
1885,True
1886,True
1887,True
1888,True
1889,True
1890,True
1891,True
1892,True
1893,True
1894,True
1895,True
1896,True
1897,True
1898,True
1899,True
1900,True
1901,True
1902,True
1903,True
1904,True
1905,True
1906,True
1907,True
1908,True
1909,True
1910,True
1911,True
1912,True
1913,True
1914,True
1915,True
1916,True
1917,True
1918,True
1919,True
1920,True
1921,True
1922,True
1923,True
1924,True
1925,True
1926,True
1927,True
1928,True
1929,True
1929,True
1931,True
1932,True
1933,True
1934,True
1935,True
1936,True
1937,True
1938,True
1939,True
1940,True
1940,True
1942,True
1943,True
1944,True
1945,True
1946,True
1947,True
1948,True
1949,True
1950,True
1951,True
1952,True
1953,True
1954,True
1955,True
1956,True
1957,True
1958,True
1959,True
1960,True
1961,True
1962,False
1963,False
1964,False
1965,False
1966,False
1967,False
1968,False
1969,False
1970,False
1971,False
1972,False
1973,False
1974,False
1975,False
1976,False
1977,False
1978,False
1979,False
1980,False
1981,False
1982,False
1983,False
1984,False
1985,False
1986,False
1987,False
1988,False
1989,False
1990,False
1991,False
1992,False
1993,False
1994,False
1995,False
1996,False
1997,False
1998,False
1999,False
2000,False
2001,False
2002,False
2003,False
2004,False
2005,False
2006,False
2007,False
2008,False
2009,False
2010,False
2011,False
2012,False
2013,False
2014,False
2015,False
2016,False
2017,False
2018,False
2019,False
2020,False
2021,False
2022,False
2023,False
2024,False
2025,False
2026,False
2027,False
2028,False
2029,False
2030,False
2031,False
2032,False
2033,False
2034,False
2035,False
2036,False
2037,False
2038,False
2039,False
2040,False
2041,False
2042,False
2043,False
2044,False
2045,False
2046,False
2047,False
2048,False
2049,False
2050,False
2051,False
2052,False
2053,False
2054,False
2055,False
2056,False
2057,False
2058,False
2059,False
2060,False
2061,False
2062,False
2063,False
2064,False
2065,False
2066,False
2067,False
2068,False
2069,False
2070,False
2071,False
2072,False
2073,False
2074,False
2075,False
2076,False
2077,False
2078,False
2079,False
2080,False
2081,False
2082,False
2083,False
2084,False
2085,False
2086,False
2087,False
2088,False
2089,False
2090,False
2091,False
2092,False
2093,False
2094,False
2095,False
2096,False
2097,False
2098,False
2099,False
2100,False
2101,False
2102,False
2103,False
2104,False
2105,False
2106,False
2107,False
2108,False
2109,False
2110,False
2111,False
2112,False
2113,False
2114,False
2115,False
2116,False
2117,False
2118,False
2119,False
2120,False
2121,False
2122,False
2123,False
2124,False
2125,False
2126,False
2127,False
2128,False
2129,False
2130,False
2131,False
2132,False
2133,False
2134,False
2135,False
2136,False
2137,False
2138,False
2139,False
2140,False
2141,False
2142,False
2143,False
2144,False
2145,False
2146,False
2147,False
2148,False
2149,False
2150,False
2151,False
2152,False
2153,False
2154,False
2155,False
2156,False
2157,False
2158,False
2159,False
2160,False
2161,False
2162,False
2163,False
2164,False
2165,False
2166,False
2167,False
2168,False
2169,False
2170,False
2171,False
2172,False
2173,False
2174,False
2175,False
2176,False
2177,False
2178,False
2179,False
2180,False
2181,False
2182,False
2183,False
2184,False
2185,False
2186,False
2187,False
2188,False
2189,False
2190,False
2191,False
2192,False
2193,False
2194,False
2195,False
2196,False
2197,False
2198,False
2199,False
2200,False
2201,False
2202,False
2203,False
2204,False
2205,False
2206,False
2207,False
2208,False
2209,False
2210,False
2211,False
2212,False
2213,False
2214,False
2215,False
2216,False
2217,False
2218,False
2219,False
2220,False
2221,False
2222,False
2223,False
2224,False
2225,False
2226,False
2227,False
2228,False
2229,False
2230,False
2231,False
2232,False
2233,False
2234,False
2235,False
2236,False
2237,False
2238,False
2239,False
2240,False
2241,False
2242,False
2243,False
2244,False
2245,False
2246,False
2247,False
2248,False
2249,False
2250,False
2251,False
2252,False
2253,False
2254,False
2255,False
2256,False
2257,False
2258,False
2259,False
2260,False
2261,False
2262,False
2263,False
2264,False
2265,False
2266,False
2267,False
2268,False
2269,False
2270,False
2271,False
2272,False
2273,False
2274,False
2275,False
2276,False
2277,False
2278,False
2279,False
2280,False
2281,False
2282,False
2283,False
2284,False
2285,False
2286,False
2287,False
2288,False
2289,False
2290,False
2291,False
2292,False
2293,False
2294,False
2295,False
2296,False
2297,False
2298,False
2299,False
2300,False
2301,False
2302,False
2303,False
2304,False
2305,False
2306,False
2307,False
2308,False
2309,False
2310,False
2311,False
2312,False
2313,False
2314,False
2315,False
2316,False
2317,False
2318,False
2319,False
2320,False
2321,False
2322,False
2323,False
2324,False
2325,False
2326,False
2327,False
2328,False
2329,False
2330,False
2331,False
2332,False
2333,False
2334,False
2335,False
2336,False
2337,False
2338,False
2339,False
2340,False
2341,False
2342,False
2343,False
2344,False
2345,False
2346,False
2347,False
2348,False
2349,False
2350,False
2351,False
2352,False
2353,False
2354,False
2355,False
2356,False
2357,False
2358,False
2359,False
2360,False
2361,False
2362,True
2363,True
2364,True
2365,True
2366,True
2367,True
2367,True
2369,True
2370,True
2371,True
2372,True
2373,True
2374,True
2375,True
2376,True
2377,True
2378,True
2379,True
2380,True
2381,True
2382,True
2383,True
2384,True
2385,True
2386,True
2387,True
2388,True
2389,True
2390,True
2391,True
2392,True
2393,True
2394,True
2395,True
2396,True
2397,True
2398,True
2399,True
2400,True
2401,True
2402,True
2403,True
2404,True
2405,True
2406,True
2407,True
2408,True
2409,True
2410,True
2411,True
2412,True
2413,True
2414,True
2415,True
2416,True
2417,True
2418,True
2419,True
2420,True
2421,True
2422,True
2423,True
2424,True
2425,True
2426,True
2427,True
2428,True
2429,True
2430,True
2431,True
2432,True
2433,True
2434,True
2435,True
2436,True
2437,True
2438,True
2439,True
2440,True
2441,True
2442,True
2443,True
2444,True
2445,True
2446,True
2447,True
2448,True
2449,True
2450,True
2451,True
2452,True
2453,True
2454,True
2455,True
2456,True
2457,True
2458,True
2459,True
2460,True
2461,True
2462,True
2463,True
2464,True
2465,True
2466,True
2467,True
2468,True
2469,True
2470,True
2471,True
2472,True
2473,True
2474,True
2475,True
2476,True
2477,True
2477,True
2477,True
2480,True
2481,True
2482,True
2482,True
2484,True
2484,True
2484,True
2486,True
2487,True
2489,True
2490,True
2490,True
2490,True
2493,True
2493,True
2495,True
2496,True
2497,True
2498,True
2499,True
2500,True
2500,True
2500,True
2502,True
2504,True
2505,True
2506,True
2507,True
2508,True
2508,True
2508,True
2511,True
2512,True
2513,True
2514,True
2515,True
2516,True
2517,True
2518,True
2519,True
2520,True
2521,True
2522,True
2523,True
2524,True
2525,True
2526,True
2527,True
2528,True
2529,True
2530,True
2531,True
2532,True
2533,True
2534,True
2535,True
2536,True
2537,True
2538,True
2539,True
2539,True
2541,True
2542,True
2543,True
2544,True
2545,True
2546,True
2547,True
2548,True
2549,True
2550,True
2551,True
2552,True
2553,True
2554,True
2555,True
2556,True
2557,True
2558,True
2559,True
2560,True
2561,True
2562,True
2563,True
2564,True
2565,True
2566,True
2567,True
2568,True
2569,True
2570,True
2571,True
2572,True
2573,True
2574,True
2575,True
2576,True
2576,True
2576,True
2579,True
2580,True
2581,True
2582,True
2583,True
2584,True
2585,True
2586,True
2587,True
2588,True
2589,True
2590,True
2591,True
2592,True
2593,True
2594,True
2595,True
2596,True
2597,True
2598,True
2599,True
2600,True
2601,True
2602,True
2603,True
2604,True
2605,True
2606,True
2607,True
2608,True
2609,True
2610,False
2611,False
2612,False
2613,False
2614,False
2615,False
2616,False
2617,False
2618,False
2619,False
2620,False
2621,False
2622,False
2623,False
2624,False
2625,False
2626,False
2627,False
2628,False
2629,False
2630,False
2631,False
2632,False
2633,False
2634,False
2635,False
2636,False
2637,False
2638,False
2639,False
2640,False
2641,False
2642,False
2643,False
2644,False
2645,False
2646,False
2647,False
2648,False
2649,False
2650,False
2651,False
2652,False
2653,False
2654,False
2655,False
2656,False
2657,False
2658,False
2659,False
2660,False
2661,False
2662,False
2663,False
2664,False
2665,False
2666,False
2667,False
2668,False
2669,False
2670,False
2671,False
2672,False
2673,False
2674,False
2675,False
2676,False
2677,False
2678,False
2679,False
2680,False
2681,False
2682,False
2683,False
2684,False
2685,False
2686,False
2687,False
2688,False
2689,False
2690,False
2691,False
2692,False
2693,False
2694,False
2695,False
2696,False
2697,False
2698,False
2699,False
2700,False
2701,False
2702,False
2703,False
2704,False
2705,False
2706,False
2707,False
2708,False
2709,False
2710,False
2711,False
2712,False
2713,False
2714,False
2715,False
2716,False
2717,False
2718,False
2719,False
2720,False
2721,False
2722,False
2723,False
2724,False
2725,False
2726,False
2727,False
2728,False
2729,False
2730,False
2731,False
2732,False
2733,False
2734,False
2735,False
2736,False
2737,False
2738,False
2739,False
2740,False
2741,False
2742,False
2743,False
2744,False
2745,False
2746,False
2747,False
2748,False
2749,False
2750,False
2751,False
2752,False
2753,False
2754,False
2755,False
2756,False
2757,False
2758,False
2759,False
2760,False
2761,False
2762,False
2763,False
2764,False
2765,False
2766,False
2767,False
2768,False
2769,False
2770,False
2771,False
2772,False
2773,False
2774,False
2775,False
2776,False
2777,False
2778,False
2779,False
2780,False
2781,False
2782,False
2783,False
2784,False
2785,False
2786,False
2787,False
2788,False
2789,False
2790,False
2791,False
2792,False
2793,False
2794,False
2795,False
2796,False
2797,False
2798,False
2799,False
2800,False
2801,False
2802,False
2803,False
2804,False
2805,False
2806,False
2807,False
2808,False
2809,False
2810,False
2811,False
2812,False
2813,False
2814,False
2815,False
2816,False
2817,False
2818,False
2819,False
2820,False
2821,False
2822,False
2823,False
2824,False
2825,False
2826,False
2827,False
2828,False
2829,False
2830,False
2831,False
2832,False
2833,False
2834,False
2835,False
2836,False
2837,False
2838,False
2839,False
2840,False
2841,False
2842,False
2843,False
2844,False
2845,False
2846,False
2847,False
2848,False
2849,False
2850,False
2851,False
2852,False
2853,False
2854,False
2855,False
2856,False
2857,False
2858,False
2859,False
2860,False
2861,False
2862,False
2863,False
2864,False
2865,False
2866,False
2867,False
2868,False
2869,False
2870,False
2871,False
2872,False
2873,False
2874,False
2875,False
2876,False
2877,False
2878,True
2879,True
2880,True
2881,True
2882,True
2883,False
2884,False
2885,False
2886,False
2887,False
2888,False
2889,False
2890,False
2891,False
2892,False
2893,False
2894,False
2895,False
2896,False
2897,False
2898,False
2899,False
2900,False
2901,False
2902,False
2903,False
2904,False
2905,False
2906,False
2907,False
2908,False
2909,False
2910,False
2911,False
2912,False
2913,False
2914,False
2915,False
2916,False
2917,False
2918,False
2919,False
2920,False
2921,False
2922,False
2923,False
2924,False
2925,False
2926,False
2927,False
2928,False
2929,False
2930,False
2931,False
2932,False
2933,False
2934,False
2935,False
2936,False
2937,False
2938,False
2939,False
2940,False
2941,False
2942,False
2943,False
2944,False
2945,False
2946,False
2947,False
2948,False
2949,False
2950,False
2951,False
2952,False
2953,False
2954,False
2955,False
2956,False
2957,False
2958,False
2959,False
2960,False
2961,False
2962,False
2963,False
2964,False
2965,False
2966,False
2967,False
2968,False
2969,False
2970,False
2971,False
2972,False
2973,False
2974,False
2975,False
2976,False
2977,False
2978,False
2979,False
2980,False
2981,False
2982,False
2983,False
2984,False
2985,False
2986,False
2987,False
2988,True
2989,True
2990,True
2991,True
2992,True
2993,False
2994,False
2995,False
2996,False
2997,False
2998,False
2999,False
3000,False
3001,False
3002,False
3003,False
3004,False
3005,False
3006,False
3007,False
3008,False
3009,False
3010,False
3011,False
3012,False
3013,False
3014,False
3015,False
3016,False
3017,False
3018,False
3019,False
3020,False
3021,False
3022,False
3023,False
3024,False
3025,False
3026,False
3027,False
3028,False
3029,False
3030,False
3031,False
3032,False
3033,False
3034,False
3035,False
3036,False
3037,False
3038,False
3039,False
3040,False
3041,False
3042,False
3043,False
3044,False
3045,False
3046,False
3047,False
3048,False
3049,False
3050,True
3051,True
3052,True
3053,True
3054,True
3055,False
3056,False
3057,False
3058,False
3059,False
3060,False
3061,False
3062,False
3063,True
3064,True
3065,True
3066,True
3067,True
3068,False
3068,False
3068,False
3071,False
3072,False
3073,False
3074,False
3075,True
3076,True
3077,True
3078,True
3079,True
3080,True
3081,True
3082,True
3083,True
3084,True
3085,True
3086,True
3087,True
3088,True
3089,True
3090,True
3091,True
3092,True
3093,True
3094,True
3095,True
3095,True
3096,True
3098,True
3099,False
3100,False
3101,False
3102,False
3102,False
3104,True
3105,True
3106,True
3107,True
3108,True
3109,True
3110,True
3111,False
3112,False
3113,False
3114,False
3115,False
3116,False
3117,True
3118,True
3119,True
3120,True
3121,True
3122,True
3123,True
3124,True
3125,True
3126,True
3127,True
3128,True
3129,True
3130,True
3131,True
3132,True
3133,True
3134,True
3135,True
3136,True
3137,True
3138,True
3139,True
3140,True
3141,True
3142,True
3143,True
3144,True
3145,True
3146,True
3147,True
3148,True
3149,True
3150,True
3151,True
3152,True
3153,True
3153,True
3155,True
3156,True
3157,True
3158,True
3158,True
3160,True
3161,True
3162,True
3163,True
3164,True
3165,True
3165,True
3167,True
3168,True
3169,True
3170,True
3171,True
3172,True
3173,True
3174,True
3175,True
3176,True
3177,True
3178,True
3179,True
3180,True
3181,True
3182,True
3183,True
3184,True
3185,True
3186,True
3187,True
3188,True
3189,True
3190,True
3191,True
3192,True
3193,True
3194,True
3195,True
3196,True
3197,True
3198,True
3199,True
3200,True
3201,True
3202,True
3203,True
3204,True
3205,True
3206,True
3207,True
3208,True
3209,True
3210,True
3211,True
3212,True
3213,True
3214,True
3215,True
3216,True
3217,True
3218,True
3219,True
3220,True
3221,True
3222,True
3223,True
3224,True
3225,True
3226,True
3227,True
3228,True
3229,True
3230,True
3231,True
3232,True
3233,True
3234,True
3235,True
3236,True
3236,True
3236,True
3239,True
3240,True
3241,True
3242,True
3243,True
3243,True
3243,True
3246,True
3247,True
3247,True
3249,True
3250,True
3250,True
3252,True
3253,True
3254,True
3254,True
3256,True
3257,True
3258,True
3259,True
3260,True
3261,True
3262,True
3263,True
3264,True
3265,True
3266,True
3267,True
3268,True
3268,True
3270,True
3271,True
3272,True
3273,True
3274,True
3275,True
3276,True
3277,True
3278,True
3279,True
3280,True
3281,True
3282,True
3283,True
3284,True
3285,True
3286,True
3287,True
3288,True
3289,True
3290,True
3291,True
3292,True
3293,True
3294,True
3295,True
3296,True
3297,True
3298,True
3299,True
3299,True
3301,True
3302,True
3303,True
3304,True
3305,True
3306,True
3307,True
3308,True
3309,True
3310,True
3311,True
3312,True
3313,True
3314,True
3315,True
3316,True
3317,True
3318,True
3319,True
3320,True
3321,True
3322,True
3323,True
3324,True
3325,True
3326,True
3327,True
3328,True
3329,True
3330,True
3331,True
3332,True
3333,True
3334,True
3335,True
3336,True
3337,True
3338,True
3339,True
3340,True
3341,True
3342,True
3343,True
3344,True
3345,True
3346,True
3347,False
3348,False
3349,False
3350,False
3351,False
3352,False
3353,False
3354,False
3355,False
3356,False
3357,False
3358,False
3359,False
3360,False
3361,False
3362,False
3363,False
3364,False
3365,False
3366,False
3367,False
3368,False
3369,False
3370,False
3371,False
3372,False
3373,False
3374,False
3375,False
3376,False
3377,False
3378,False
3379,False
3380,False
3381,False
3382,False
3383,False
3384,False
3385,False
3386,False
3387,False
3388,False
3389,False
3390,False
3391,False
3392,False
3393,False
3394,False
3395,False
3396,False
3397,False
3398,False
3399,False
3400,False
3401,False
3402,False
3403,False
3404,False
3405,False
3406,False
3407,False
3408,False
3409,False
3410,False
3411,False
3412,False
3413,False
3414,False
3415,False
3416,False
3417,False
3418,False
3419,False
3420,False
3421,False
3422,False
3423,False
3424,False
3425,False
3426,False
3427,False
3428,False
3429,False
3430,False
3431,False
3432,False
3433,False
3434,False
3435,False
3436,False
3437,False
3438,False
3439,False
3440,False
3441,False
3442,False
3443,False
3444,False
3445,False
3446,False
3447,False
3448,False
3449,False
3450,False
3451,False
3452,False
3453,False
3454,False
3455,False
3456,False
3457,False
3458,False
3459,False
3460,False
3461,False
3462,False
3463,False
3464,False
3465,False
3466,False
3467,False
3468,False
3469,False
3470,False
3471,False
3472,False
3473,False
3474,False
3475,False
3476,False
3477,False
3478,False
3479,False
3480,False
3481,False
3482,False
3483,False
3484,False
3485,False
3486,False
3487,False
3488,False
3489,False
3490,False
3491,False
3492,False
3493,False
3494,False
3495,False
3496,False
3497,False
3498,False
3499,False
3500,False
3501,False
3502,False
3503,False
3504,False
3505,False
3506,False
3507,False
3508,False
3509,False
3510,False
3511,False
3512,False
3513,False
3514,False
3515,False
3516,False
3517,False
3518,False
3519,False
3520,False
3521,False
3522,False
3523,False
3524,False
3525,False
3526,False
3527,False
3528,False
3529,False
3530,False
3531,False
3532,False
3533,False
3534,False
3535,False
3536,False
3537,False
3538,False
3539,False
3540,False
3541,False
3542,False
3543,False
3544,False
3545,False
3546,False
3547,False
3548,False
3549,False
3550,False
3551,False
3552,False
3553,False
3554,False
3555,False
3556,False
3557,False
3558,False
3559,False
3560,False
3561,False
3562,False
3563,False
3564,False
3565,False
3566,False
3567,False
3568,False
3569,False
3570,False
3571,False
3572,False
3573,False
3574,False
3575,False
3576,False
3577,False
3578,False
3579,False
3580,False
3581,False
3582,False
3583,False
3584,False
3585,False
3586,False
3587,False
3588,False
3589,False
3590,False
3591,False
3592,False
3593,False
3594,False
3595,False
3596,False
3597,False
3598,False
3599,False
3600,False
3601,False
3602,False
3603,False
3604,False
3605,False
3606,False
3607,False
3608,False
3609,False
3610,False
3611,False
3612,False
3613,False
3614,False
3615,False
3616,False
3617,False
3618,False
3619,False
3620,False
3621,False
3622,False
3623,False
3624,False
3625,False
3626,False
3627,False
3628,False
3629,False
3630,False
3631,False
3632,False
3633,False
3634,False
3635,False
3636,False
3637,False
3638,False
3639,False
3640,False
3641,False
3642,False
3643,False
3644,False
3645,False
3646,False
3647,False
3648,False
3649,False
3650,False
3651,False
3652,False
3653,False
3654,False
3655,False
3656,False
3657,False
3658,False
3659,False
3660,False
3661,False
3662,False
3663,False
3664,False
3665,False
3666,False
3667,False
3668,False
3669,False
3670,False
3671,False
3672,False
3673,False
3674,False
3675,False
3676,False
3677,False
3678,False
3679,False
3680,False
3681,False
3682,False
3683,False
3684,False
3685,False
3686,False
3687,False
3688,False
3689,False
3690,False
3691,False
3692,False
3693,False
3694,False
3695,False
3696,False
3697,False
3698,False
3699,False
3700,False
3701,False
3702,False
3703,False
3704,False
3705,False
3706,False
3707,False
3708,False
3709,False
3710,False
3711,False
3712,False
3713,False
3714,False
3715,False
3716,False
3717,False
3718,False
3719,False
3720,False
3721,False
3722,False
3723,False
3724,False
3725,False
3726,False
3727,False
3728,False
3729,False
3730,False
3731,False
3732,False
3733,False
3734,False
3735,False
3736,False
3737,False
3738,False
3739,False
3740,False
3741,False
3742,False
3743,False
3744,False
3745,False
3746,False
3747,False
3748,False
3749,False
3750,False
3751,False
3752,False
3753,False
3754,False
3755,False
3756,False
3757,False
3758,False
3759,False
3760,False
3761,False
3762,False
3763,False
3764,False
3765,False
3766,False
3767,False
3768,False
3769,False
3770,False
3771,False
3772,False
3773,False
3774,False
3775,False
3776,False
3777,False
3778,False
3779,False
3780,False
3781,False
3782,False
3783,False
3784,False
3785,False
3786,False
3787,False
3788,False
3789,False
3790,False
3791,False
3792,False
3793,False
3794,False
3795,False
3796,False
3797,False
3798,False
3799,False
3800,False
3801,False
3802,False
3803,False
3804,False
3805,False
3806,False
3807,False
3808,False
3809,False
3810,False
3811,False
3812,False
3813,False
3814,False
3815,False
3816,False
3817,False
3818,False
3819,False
3820,False
3821,False
3822,False
3823,False
3824,False
3825,False
3826,False
3827,False
3828,False
3829,False
3830,False
3831,False
3832,False
3833,False
3834,False
3835,False
3836,False
3837,False
3838,False
3839,False
3840,False
3841,False
3842,False
3843,False
3844,False
3845,False
3846,False
3847,False
3848,False
3849,False
3850,False
3851,False
3852,False
3853,False
3854,False
3855,False
3856,False
3857,False
3858,False
3859,False
3860,False
3861,False
3862,False
3863,False
3864,False
3865,False
3866,False
3867,False
3868,False
3869,False
3870,False
3871,False
3872,False
3873,False
3874,False
3875,False
3876,False
3877,False
3878,False
3879,False
3880,False
3881,False
3882,False
3883,False
3884,False
3885,False
3886,False
3887,False
3888,False
3889,False
3890,False
3891,False
3892,False
3893,False
3894,False
3895,False
3896,False
3897,False
3898,False
3899,False
3900,False
3901,False
3902,False
3903,False
3904,False
3905,False
3906,False
3907,False
3908,False
3909,False
3910,False
3911,False
3912,False
3913,False
3914,False
3915,False
3916,False
3917,False
3918,False
3919,False
3920,False
3921,False
3922,False
3923,False
3924,False
3925,False
3926,False
3927,False
3928,False
3929,False
3930,False
3931,False
3932,False
3933,False
3934,False
3935,False
3936,False
3937,False
3938,False
3939,False
3940,False
3941,False
3942,False
3943,False
3944,False
3945,False
3946,False
3947,False
3948,False
3949,False
3950,False
3951,False
3952,False
3953,False
3954,False
3955,False
3956,False
3957,False
3958,False
3959,False
3960,False
3961,False
3962,False
3963,False
3964,False
3965,False
3966,False
3967,False
3968,False
3969,False
3970,False
3971,False
3972,False
3973,False
3974,False
3975,False
3976,False
3977,False
3978,False
3979,False
3980,False
3981,False
3982,False
3983,False
3984,False
3985,False
3986,False
3987,False
3988,False
3989,False
3990,False
3991,False
3992,False
3993,False
3994,False
3995,False
3996,False
3997,False
3998,False
3999,False
4000,False
4001,False
4002,False
4003,False
4004,False
4005,False
4006,False
4007,False
4008,False
4009,False
4010,False
4011,False
4012,False
4013,False
4014,False
4015,False
4016,False
4017,False
4018,False
4019,False
4020,False
4021,False
4022,False
4023,False
4024,False
4025,False
4026,False
4027,False
4028,False
4029,False
4030,False
4031,False
4032,False
4033,False
4034,False
4035,False
4036,False
4037,False
4038,False
4039,False
4040,False
4041,False
4042,False
4043,False
4044,False
4045,False
4046,False
4047,False
4048,False
4049,False
4050,False
4051,False
4052,False
4053,False
4054,False
4055,False
4056,False
4057,False
4058,False
4059,False
4060,False
4061,False
4062,False
4063,False
4064,False
4065,False
4066,False
4067,False
4068,False
4069,False
4070,False
4071,False
4072,False
4073,False
4074,False
4075,False
4076,False
4077,False
4078,False
4079,False
4080,False
4081,False
4082,False
4083,False
4084,False
4085,False
4086,False
4087,False
4088,False
4089,False
4090,False
4091,False
4092,False
4093,False
4094,False
4095,False
4096,False
4097,False
4098,False
4099,False
4100,False
4101,False
4102,False
4103,False
4104,False
4105,False
4106,False
4107,False
4108,False
4109,False
4110,False
4111,False
4112,False
4113,False
4114,False
4115,False
4116,False
4117,False
4118,False
4119,False
4120,False
4121,False
4122,False
4123,False
4124,False
4125,False
4126,False
4127,False
4128,False
4129,False
4130,False
4131,False
4132,False
4133,False
4134,False
4135,False
4136,False
4137,False
4138,False
4139,False
4140,False
4141,False
4142,False
4143,False
4144,False
4145,False
4146,False
4147,False
4148,False
4149,False
4150,False
4151,False
4152,False
4153,False
4154,False
4155,False
4156,False
4157,False
4158,False
4159,False
4160,False
4161,False
4162,False
4163,False
4164,False
4165,False
4166,False
4167,False
4168,False
4169,False
4170,False
4171,False
4172,False
4173,False
4174,False
4175,False
4176,False
4177,False
4178,False
4179,False
4180,False
4181,False
4182,False
4183,False
4184,False
4185,False
4186,False
4187,False
4188,False
4189,False
4190,False
4191,False
4192,False
4193,False
4194,False
4195,False
4196,False
4197,False
4198,False
4199,False
4200,False
4201,False
4202,False
4203,False
4204,False
4205,False
4206,False
4207,False
4208,False
4209,False
4210,False
4211,False
4212,False
4213,False
4214,False
4215,False
4216,False
4217,False
4218,False
4219,False
4220,False
4221,False
4222,False
4223,False
4224,False
4225,False
4226,False
4227,False
4228,False
4229,False
4230,False
4231,False
4232,False
4233,False
4234,False
4235,False
4236,False
4237,False
4238,False
4239,False
4240,False
4241,False
4242,False
4243,False
4244,False
4245,False
4246,False
4247,False
4248,False
4249,False
4250,False
4251,False
4252,False
4253,False
4254,False
4255,False
4256,False
4257,False
4258,False
4259,False
4260,False
4261,False
4262,False
4263,True
4264,True
4265,True
4266,True
4267,True
4268,False
4269,False
4270,False
4271,False
4272,False
4272,False
4274,True
4275,True
4276,True
4276,True
4278,True
4279,True
4280,True
4281,True
4282,True
4283,True
4284,True
4285,True
4286,True
4287,True
4287,True
4289,True
4290,True
4291,True
4292,True
4293,True
4294,True
4295,False
4296,False
4297,False
4298,False
4299,False
4300,False
4301,False
4302,False
4303,False
4304,False
4305,False
4306,False
4307,False
4308,False
4309,True
4310,True
4311,True
4312,True
4313,True
4314,True
4315,True
4316,True
4317,True
4318,True
4319,True
4320,True
4321,True
4322,True
4323,True
4324,True
4325,True
4326,True
4327,True
4328,True
4329,True
4330,True
4331,True
4332,True
4333,True
4334,True
4335,True
4336,True
4337,True
4338,True
4339,True
4340,True
4341,True
4342,True
4343,True
4344,True
4345,True
4346,True
4347,True
4348,True
4349,True
4350,True
4351,True
4352,True
4353,True
4354,True
4355,True
4356,True
4357,True
4358,True
4359,True
4360,True
4361,True
4362,True
4363,True
4364,True
4365,True
4366,True
4367,True
4368,True
4369,True
4370,True
4371,True
4372,True
4373,True
4374,True
4375,True
4376,True
4377,True
4378,True
4379,True
4380,True
4381,True
4382,True
4383,True
4384,True
4385,True
4386,True
4387,True
4388,True
4389,True
4390,True
4391,True
4392,True
4393,True
4394,True
4395,True
4396,True
4397,True
4398,True
4399,True
4400,True
4401,True
4402,True
4403,True
4404,True
4405,True
4406,True
4407,True
4408,True
4409,True
4410,True
4411,True
4412,True
4413,True
4414,True
4415,True
4416,True
4417,True
4418,True
4418,True
4418,True
4421,True
4422,True
4423,True
4424,True
4425,True
4425,True
4427,True
4428,True
4428,True
4430,True
4431,True
4431,True
4431,True
4434,True
4435,True
4436,True
4437,True
4438,True
4439,True
4440,True
4441,True
4442,True
4443,True
4444,True
4445,True
4446,True
4446,True
4448,True
4449,True
4450,True
4451,True
4452,True
4453,True
4454,True
4455,True
4456,True
4457,True
4457,True
4459,True
4460,True
4461,True
4462,True
4463,True
4464,True
4465,True
4466,True
4466,True
4466,True
4468,True
4469,True
4469,True
4469,True
4473,True
4474,True
4475,True
4476,True
4477,True
4478,True
4479,True
4480,True
4481,True
4482,True
4483,True
4484,True
4485,True
4486,True
4487,True
4488,True
4489,True
4489,True
4491,True
4492,True
4492,True
4494,True
4495,True
4496,True
4497,True
4498,True
4499,True
4500,True
4501,True
4502,True
4503,True
4503,True
4505,True
4506,True
4507,True
4508,True
4509,True
4510,True
4511,True
4512,True
4513,True
4514,True
4515,True
4516,True
4517,True
4518,True
4519,True
4520,True
4521,True
4522,True
4523,True
4524,True
4525,True
4526,True
4527,True
4528,True
4529,True
4530,True
4531,True
4532,True
4533,True
4534,True
4535,True
4536,True
4537,True
4538,True
4539,True
4540,True
4541,True
4542,True
4543,True
4544,True
4545,True
4546,True
4547,True
4548,True
4549,True
4550,True
4551,True
4552,True
4553,True
4554,True
4555,True
4556,True
4557,True
4558,True
4559,True
4560,True
4561,True
4562,True
4563,True
4564,True
4565,True
4566,True
4567,True
4568,True
4568,True
4570,True
4571,True
4572,True
4573,True
4574,True
4575,True
4576,True
4577,True
4578,True
4579,True
4580,True
4581,True
4582,True
4583,True
4584,True
4585,True
4586,True
4587,True
4588,True
4589,True
4590,True
4591,True
4592,True
4593,True
4594,True
4595,True
4596,True
4597,True
4598,True
4599,True
4600,True
4601,True
4602,True
4603,True
4604,True
4605,True
4606,True
4607,True
4608,True
4609,True
4610,True
4611,True
4612,True
4613,True
4614,True
4615,True
4616,True
4617,True
4618,True
4619,True
4620,True
4621,True
4622,True
4623,True
4624,True
4625,True
4626,True
4627,True
4628,True
4629,True
4630,True
4631,True
4632,True
4633,True
4634,True
4635,True
4636,True
4637,True
4638,True
4639,True
4640,True
4641,True
4642,True
4643,True
4644,True
4645,True
4646,True
4647,True
4648,True
4649,True
4650,True
4651,True
4652,True
4653,True
4654,True
4655,True
4656,True
4657,True
4658,True
4659,True
4660,True
4661,True
4662,True
4663,True
4664,True
4665,True
4666,True
4667,True
4668,True
4669,True
4670,True
4671,True
4672,True
4673,True
4674,True
4674,True
4676,True
4677,True
4678,True
4679,True
4680,True
4681,True
4682,True
4683,True
4684,True
4685,True
4686,True
4687,True
4688,True
4689,True
4690,True
4691,True
4692,True
4693,True
4694,True
4695,True
4696,True
4697,True
4698,True
4699,True
4700,True
4701,True
4702,True
4703,True
4704,True
4705,True
4706,True
4707,True
4708,True
4709,True
4709,True
4711,True
4712,True
4713,True
4713,True
4715,True
4716,True
4717,True
4718,True
4719,True
4720,True
4721,True
4722,True
4723,False
4724,False
4725,False
4726,False
4727,False
4728,False
4729,False
4730,False
4731,False
4732,True
4733,True
4734,True
4735,True
4736,True
4737,False
4738,False
4739,False
4740,False
4741,True
4742,True
4743,True
4744,True
4745,True
4746,True
4747,True
4748,True
4749,True
4750,True
4751,True
4752,True
4753,True
4754,True
4755,True
4756,True
4757,False
4758,False
4759,False
4760,False
4761,False
4762,False
4763,False
4764,False
4765,False
4766,False
4767,False
4768,False
4769,False
4770,False
4771,False
4772,False
4773,False
4774,False
4775,False
4776,False
4777,False
4778,False
4779,False
4780,False
4781,False
4782,False
4783,False
4784,False
4785,False
4786,False
4787,False
4788,False
4789,False
4790,False
4791,False
4792,False
4793,False
4794,False
4795,False
4796,False
4797,False
4798,False
4799,False
4800,False
4801,False
4802,False
4803,False
4804,False
4805,False
4806,False
4807,False
4808,False
4809,False
4810,False
4811,False
4812,False
4813,False
4814,False
4815,False
4816,False
4817,False
4818,False
4819,False
4820,False
4821,False
4822,False
4823,False
4824,False
4825,False
4826,False
4827,False
4828,False
4829,False
4830,False
4831,False
4832,False
4833,False
4834,False
4835,False
4836,False
4837,False
4838,False
4839,False
4840,False
4841,False
4842,False
4843,False
4844,False
4845,False
4846,False
4847,False
4848,False
4849,False
4850,False
4851,False
4852,False
4853,False
4854,False
4855,False
4856,False
4857,False
4858,False
4859,False
4860,False
4861,False
4862,False
4863,False
4864,False
4865,False
4866,False
4867,False
4868,False
4869,False
4870,False
4871,False
4872,False
4873,False
4874,False
4875,False
4876,False
4877,False
4878,False
4879,False
4880,False
4881,False
4882,False
4883,False
4884,False
4885,False
4886,False
4887,False
4888,False
4889,False
4890,False
4891,False
4892,False
4893,False
4894,False
4895,False
4896,False
4897,False
4898,False
4899,False
4900,False
4901,False
4902,False
4903,False
4904,False
4905,False
4906,False
4907,False
4908,False
4909,False
4910,False
4911,False
4912,False
4913,False
4914,False
4915,False
4916,False
4917,False
4918,False
4919,False
4920,False
4921,False
4922,False
4923,False
4924,False
4925,False
4926,False
4927,False
4928,False
4929,False
4930,False
4931,False
4932,False
4933,False
4934,False
4935,False
4936,False
4937,False
4938,False
4939,False
4940,False
4941,False
4942,False
4943,False
4944,False
4945,False
4946,False
4947,False
4948,False
4949,False
4950,False
4951,False
4952,False
4953,False
4954,False
4955,False
4956,False
4957,False
4958,False
4959,False
4960,False
4961,False
4962,False
4963,False
4964,False
4965,False
4966,False
4967,False
4968,False
4969,False
4970,False
4971,False
4972,False
4973,False
4974,False
4975,False
4976,False
4977,False
4978,False
4979,False
4980,False
4981,False
4982,False
4983,False
4984,False
4985,False
4986,False
4987,False
4988,False
4989,False
4990,False
4991,False
4992,False
4993,False
4994,False
4995,False
4996,False
4997,False
4998,False
4999,False
5000,False
5001,False
5002,False
5003,False
5004,False
5005,False
5006,False
5007,False
5008,False
5009,False
5010,False
5011,False
5012,False
5013,False
5014,False
5015,False
5016,False
5017,False
5018,False
5019,False
5020,False
5021,False
5022,False
5023,False
5024,False
5025,False
5026,False
5027,False
5028,False
5029,False
5030,False
5031,False
5032,False
5033,False
5034,False
5035,False
5036,False
5037,False
5038,False
5039,False
5040,False
5041,False
5042,False
5043,False
5044,False
5045,False
5046,False
5047,False
5048,False
5049,False
5050,False
5051,False
5052,False
5053,False
5054,False
5055,False
5056,False
5057,False
5058,False
5059,False
5060,False
5061,False
5062,False
5063,False
5064,False
5065,False
5066,False
5067,False
5068,False
5069,False
5070,False
5071,False
5072,False
5073,False
5074,False
5075,False
5076,False
5077,False
5078,False
5079,False
5080,False
5081,False
5082,False
5083,False
5084,False
5085,False
5086,False
5087,False
5088,False
5089,False
5090,False
5091,False
5092,False
5093,False
5094,False
5095,False
5096,False
5097,False
5098,False
5099,False
5100,False
5101,False
5102,False
5103,False
5104,False
5105,False
5106,False
5107,False
5108,False
5109,False
5110,False
5111,False
5112,False
5113,False
5114,False
5115,False
5116,False
5117,False
5118,False
5119,False
5120,False
5121,False
5122,False
5123,False
5124,False
5125,False
5126,False
5127,False
5128,False
5129,False
5130,False
5131,False
5132,False
5133,False
5134,False
5135,False
5136,False
5137,False
5138,False
5139,False
5140,False
5141,False
5142,False
5143,False
5144,False
5145,False
5146,False
5147,False
5148,False
5149,False
5150,False
5151,False
5152,False
5153,False
5154,False
5155,False
5156,False
5157,False
5158,False
5159,False
5160,False
5161,False
5162,False
5163,False
5164,False
5165,False
5166,False
5167,False
5168,False
5169,False
5170,False
5171,False
5172,False
5173,False
5174,False
5175,False
5176,False
5177,False
5178,False
5179,False
5180,False
5181,False
5182,False
5183,False
5184,False
5185,False
5186,False
5187,False
5188,False
5189,False
5190,False
5191,False
5192,False
5193,False
5194,False
5195,False
5196,False
5197,False
5198,False
5199,False
5200,False
5201,False
5202,False
5203,False
5204,False
5205,False
5206,False
5207,False
5208,False
5209,False
5210,False
5211,False
5212,False
5213,False
5214,False
5215,False
5216,False
5217,False
5218,False
5219,False
5220,False
5221,False
5222,False
5223,False
5224,False
5225,False
5226,False
5227,False
5228,False
5229,False
5230,False
5231,False
5232,False
5233,False
5234,False
5235,False
5236,False
5237,False
5238,False
5239,False
5240,False
5241,False
5242,False
5243,False
5244,False
5245,False
5246,False
5247,False
5248,False
5249,False
5250,False
5251,False
5252,False
5253,False
5254,False
5255,False
5256,False
5257,False
5258,False
5259,False
5260,False
5261,False
5262,False
5263,False
5264,False
5265,False
5266,False
5267,False
5268,False
5269,False
5270,False
5271,False
5272,False
5273,False
5274,False
5275,False
5276,False
5277,False
5278,False
5279,False
5280,False
5281,False
5282,False
5283,False
5284,False
5285,False
5286,False
5287,False
5288,False
5289,False
5290,False
5291,False
5292,False
5293,False
5294,False
5295,False
5296,False
5297,False
5298,False
5299,False
5300,False
5301,False
5302,False
5303,False
5304,False
5305,False
5306,False
5307,False
5308,False
5309,False
5310,False
5311,False
5312,False
5313,False
5314,False
5315,False
5316,False
5317,False
5318,False
5319,False
5320,False
5321,False
5322,False
5323,False
5324,False
5325,False
5326,False
5327,False
5328,False
5329,False
5330,False
5331,False
5332,False
5333,False
5334,False
5335,False
5336,False
5337,False
5338,False
5339,False
5340,False
5341,False
5342,False
5343,False
5344,False
5345,False
5346,False
5347,False
5348,False
5349,False
5350,False
5351,False
5352,False
5353,False
5354,False
5355,False
5356,False
5357,False
5358,False
5359,False
5360,False
5361,False
5362,False
5363,False
5364,False
5365,False
5366,False
5367,False
5368,False
5369,False
5370,False
5371,False
5372,False
5373,False
5374,False
5375,False
5376,False
5377,False
5378,False
5379,False
5380,False
5381,False
5382,False
5383,False
5384,False
5385,False
5386,False
5387,False
5388,False
5389,False
5390,False
5391,False
5392,False
5393,False
5394,False
5395,False
5396,False
5397,False
5398,False
5399,False
5400,False
5401,False
5402,False
5403,False
5404,False
5405,False
5406,False
5407,False
5408,False
5409,False
5410,False
5411,False
5412,False
5413,False
5414,False
5415,False
5416,False
5417,False
5418,False
5419,False
5420,False
5421,False
5422,False
5423,False
5424,False
5425,False
5426,False
5427,False
5428,False
5429,False
5430,False
5431,False
5432,False
5433,False
5434,False
5435,False
5436,False
5437,False
5438,False
5439,False
5440,False
5441,False
5442,False
5443,False
5444,False
5445,False
5446,False
5447,False
5448,False
5449,False
5450,False
5451,False
5452,False
5453,False
5454,False
5455,False
5456,False
5457,False
5458,False
5459,False
5460,False
5461,False
5462,False
5463,False
5464,False
5465,False
5466,False
5467,False
5468,False
5469,False
5470,False
5471,False
5472,False
5473,False
5474,False
5475,False
5476,False
5477,False
5478,False
5479,False
5480,False
5481,False
5482,False
5483,False
5484,False
5485,False
5486,False
5487,False
5488,False
5489,False
5490,False
5491,False
5492,False
5493,False
5494,False
5495,False
5496,False
5497,False
5498,False
5499,False
5500,False
5501,False
5502,False
5503,False
5504,False
5505,False
5506,False
5507,False
5508,False
5509,False
5510,False
5511,False
5512,False
5513,False
5514,False
5515,False
5516,False
5517,False
5518,False
5519,False
5520,False
5521,False
5522,False
5523,False
5524,False
5525,False
5526,False
5527,False
5528,False
5529,False
5530,False
5531,False
5532,False
5533,False
5534,False
5535,False
5536,False
5537,False
5538,False
5539,False
5540,False
5541,False
5542,False
5543,False
5544,False
5545,False
5546,False
5547,False
5548,False
5549,False
5550,False
5551,False
5552,False
5553,False
5554,False
5555,False
5556,False
5557,False
5558,False
5559,False
5560,False
5561,False
5562,False
5563,False
5564,False
5565,False
5566,False
5567,False
5568,False
5569,False
5570,False
5571,False
5572,False
5573,False
5574,False
5575,False
5576,False
5577,False
5578,False
5579,False
5580,False
5581,False
5582,False
5583,False
5584,False
5585,False
5586,False
5587,False
5588,False
5589,False
5590,False
5591,False
5592,False
5593,False
5594,False
5595,False
5596,False
5597,False
5598,False
5599,False
5600,False
5601,False
5602,False
5603,False
5604,False
5605,False
5606,False
5607,False
5608,False
5609,False
5610,False
5611,False
5612,False
5613,False
5614,False
5615,False
5616,False
5617,False
5618,False
5619,False
5620,False
5621,False
5622,False
5623,False
5624,False
5625,False
5626,False
5627,False
5628,False
5629,False
5630,False
5631,False
5632,False
5633,False
5634,False
5635,False
5636,False
5637,False
5638,False
5639,False
5640,False
5641,False
5642,False
5643,False
5644,False
5645,False
5646,False
5647,False
5648,False
5649,False
5650,False
5651,False
5652,False
5653,False
5654,False
5655,False
5656,False
5657,False
5658,False
5659,False
5660,False
5661,False
5662,False
5663,False
5664,False
5665,False
5666,False
5667,False
5668,False
5669,False
5670,False
5671,False
5672,False
5673,False
5674,False
5675,False
5676,False
5677,False
5678,False
5679,False
5680,False
5681,False
5682,False
5683,False
5684,False
5685,False
5686,False
5687,False
5688,False
5689,False
5690,False
5691,False
5692,False
5693,False
5694,False
5695,False
5696,False
5697,False
5698,False
5699,False
5700,False
5701,False
5702,False
5703,False
5704,False
5705,False
5706,False
5707,False
5708,False
5709,False
5710,False
5711,False
5712,False
5713,False
5714,False
5715,False
5716,False
5717,False
5718,False
5719,False
5720,False
5721,False
5722,False
5723,False
5724,False
5725,False
5726,False
5727,False
5728,False
5729,False
5730,False
5731,False
5732,False
5733,False
5734,False
5735,False
5736,False
5737,False
5738,False
5739,False
5740,False
5741,False
5742,False
5743,False
5744,False
5745,False
5746,False
5747,False
5748,False
5749,False
5750,False
5751,False
5752,False
5753,False
5754,False
5755,False
5756,False
5757,False
5758,False
5759,False
5760,False
5761,False
5762,False
5763,False
5764,False
5765,False
5766,False
5767,False
5768,False
5769,False
5770,False
5771,False
5772,False
5773,False
5774,False
5775,False
5776,False
5777,False
5778,False
5779,False
5780,False
5781,False
5782,False
5783,False
5784,False
5785,False
5786,False
5787,False
5788,False
5789,False
5790,False
5791,False
5792,False
5793,False
5794,False
5795,False
5796,False
5797,False
5798,False
5799,False
5800,False
5801,False
5802,False
5803,False
5804,False
5805,False
5806,False
5807,False
5808,False
5809,False
5810,False
5811,False
5812,False
5813,False
5814,False
5815,False
5816,False
5817,False
5818,False
5819,False
5820,False
5821,False
5822,False
5823,False
5824,False
5825,False
5826,False
5827,False
5828,False
5829,False
5830,False
5831,False
5832,False
5833,False
5834,False
5835,False
5836,False
5837,False
5838,False
5839,False
5840,False
5841,False
5842,False
5843,False
5844,False
5845,False
5846,False
5847,False
5848,False
5849,False
5850,False
5851,False
5852,False
5853,False
5854,False
5855,False
5856,False
5857,False
5858,False
5859,False
5860,False
5861,False
5862,False
5863,False
5864,False
5865,False
5866,False
5867,False
5868,False
5869,False
5870,False
5871,False
5872,False
5873,False
5874,False
5875,False
5876,False
5877,False
5878,False
5879,False
5880,False
5881,False
5882,False
5883,False
5884,False
5885,False
5886,False
5887,False
5888,False
5889,False
5890,False
5891,False
5892,False
5893,False
5894,False
5895,False
5896,False
5897,False
5898,False
5899,False
5900,False
5901,False
5902,False
5903,False
5904,False
5905,False
5906,False
5907,False
5908,False
5909,False
5910,False
5911,False
5912,False
5913,False
5914,False
5915,False
5916,False
5917,False
5918,False
5919,False
5920,False
5921,False
5922,False
5923,False
5924,False
5925,False
5926,False
5927,False
5928,False
5929,False
5930,False
5931,False
5932,False
5933,False
5934,False
5935,False
5936,False
5937,False
5938,False
5939,False
5940,False
5941,False
5942,False
5943,False
5944,False
5945,False
5946,False
5947,False
5948,False
5949,False
5950,False
5951,False
5952,False
5953,False
5954,False
5955,False
5956,False
5957,False
5958,False
5959,False
5960,False
5961,False
5962,False
5963,False
5964,False
5965,False
5966,False
5967,False
5968,False
5969,False
5970,False
5971,False
5972,False
5973,False
5974,False
5975,False
5976,False
5977,False
5978,False
5979,False
5980,False
5981,False
5982,False
5983,False
5984,False
5985,False
5986,False
5987,False
5988,False
5989,False
5990,False
5991,False
5992,False
5993,False
5994,False
5995,False
5996,False
5997,False
5998,False
5999,False
6000,False
6001,False
6002,False
6003,False
6004,False
6005,False
6006,False
6007,False
6008,False
6009,False
6010,False
6011,False
6012,False
6013,False
6014,False
6015,False
6016,False
6017,False
6018,False
6019,False
6020,False
6021,False
6022,False
6023,False
6024,False
6025,False
6026,False
6027,False
6028,False
6029,False
6030,False
6031,False
6032,False
6033,False
6034,False
6035,False
6036,False
6037,False
6038,False
6039,False
6040,False
6041,False
6042,False
6043,False
6044,False
6045,False
6046,False
6047,False
6048,False
6049,False
6050,False
6051,False
6052,False
6053,False
6054,False
6055,False
6056,False
6057,False
6058,False
6059,False
6060,False
6061,False
6062,False
6063,False
6064,False
6065,False
6066,False
6067,False
6068,False
6069,False
6070,False
6071,False
6072,False
6073,False
6074,False
6075,False
6076,False
6077,False
6078,False
6079,False
6080,False
6081,False
6082,False
6083,False
6084,False
6085,False
6086,False
6087,False
6088,False
6089,False
6090,False
6091,False
6092,False
6093,False
6094,False
6095,False
6096,False
6097,False
6098,False
6099,False
6100,False
6101,False
6102,False
6103,False
6104,False
6105,False
6106,False
6107,False
6108,False
6109,False
6110,False
6111,False
6112,False
6113,False
6114,False
6115,False
6116,False
6117,False
6118,False
6119,False
6120,False
6121,False
6122,False
6123,False
6124,False
6125,False
6126,False
6127,False
6128,False
6129,False
6130,False
6131,False
6132,False
6133,False
6134,False
6135,False
6136,False
6137,False
6138,False
6139,False
6140,False
6141,False
6142,False
6143,False
6144,False
6145,False
6146,False
6147,False
6148,False
6149,False
6150,False
6151,False
6152,False
6153,False
6154,False
6155,False
6156,False
6157,False
6158,False
6159,False
6160,False
6161,False
6162,False
6163,False
6164,False
6165,False
6166,False
6167,False
6168,False
6169,False
6170,False
6171,False
6172,False
6173,False
6174,False
6175,False
6176,False
6177,False
6178,False
6179,False
6180,False
6181,False
6182,False
6183,False
6184,False
6185,False
6186,False
6187,False
6188,False
6189,False
6190,False
6191,False
6192,False
6193,False
6194,False
6195,False
6196,False
6197,False
6198,False
6199,False
6200,False
6201,False
6202,False
6203,False
6204,False
6205,False
6206,False
6207,False
6208,False
6209,False
6210,False
6211,False
6212,False
6213,False
6214,False
6215,False
6216,False
6217,False
6218,False
6219,False
6220,False
6221,False
6222,False
6223,False
6224,False
6225,False
6226,False
6227,False
6228,False
6229,False
6230,False
6231,False
6232,False
6233,False
6234,False
6235,False
6236,False
6237,False
6238,False
6239,False
6240,False
6241,False
6242,False
6243,False
6244,False
6245,False
6246,False
6247,False
6248,False
6249,False
6250,False
6251,False
6252,False
6253,False
6254,False
6255,False
6256,False
6257,False
6258,False
6259,False
6260,False
6261,False
6262,False
6263,False
6264,False
6265,False
6266,False
6267,False
6268,False
6269,False
6270,False
6271,False
6272,False
6273,False
6274,False
6275,False
6276,False
6277,False
6278,False
6279,False
6280,False
6281,False
6282,False
6283,False
6284,False
6285,False
6286,False
6287,False
6288,False
6289,False
6290,False
6291,False
6292,False
6293,False
6294,False
6295,False
6296,False
6297,False
6298,False
6299,False
6300,False
6301,False
6302,False
6303,False
6304,False
6305,False
6306,False
6307,False
6308,False
6309,False
6310,False
6311,False
6312,False
6313,False
6314,False
6315,False
6316,False
6317,False
6318,False
6319,False
6320,False
6321,False
6322,False
6323,False
6324,False
6325,False
6326,False
6327,False
6328,False
6329,False
6330,False
6331,False
6332,False
6333,False
6334,False
6335,False
6336,False
6337,False
6338,False
6339,False
6340,False
6341,False
6342,False
6343,False
6344,False
6345,False
6346,False
6347,False
6348,False
6349,False
6350,False
6351,False
6352,False
6353,False
6354,False
6355,False
6356,False
6357,False
6358,False
6359,False
6360,False
6361,False
6362,False
6363,False
6364,False
6365,False
6366,False
6367,False
6368,False
6369,False
6370,False
6371,False
6372,False
6373,False
6374,False
6375,False
6376,False
6377,False
6378,False
6379,False
6380,False
6381,False
6382,False
6383,False
6384,False
6385,False
6386,False
6387,False
6388,False
6389,False
6390,False
6391,False
6392,False
6393,False
6394,False
6395,False
6396,False
6397,False
6398,False
6399,False
6400,False
6401,False
6402,False
6403,False
6404,False
6405,False
6406,False
6407,False
6408,False
6409,False
6410,False
6411,False
6412,False
6413,False
6414,False
6415,False
6416,False
6417,False
6418,False
6419,False
6420,False
6421,False
6422,False
6423,False
6424,False
6425,False
6426,False
6427,False
6428,False
6429,False
6430,False
6431,False
6432,False
6433,False
6434,False
6435,False
6436,False
6437,False
6438,False
6439,False
6440,False
6441,False
6442,False
6443,False
6444,False
6445,False
6446,False
6447,False
6448,False
6449,False
6450,False
6451,False
6452,False
6453,False
6454,False
6455,False
6456,False
6457,False
6458,False
6459,False
6460,False
6461,False
6462,False
6463,False
6464,False
6465,False
6466,False
6467,False
6468,False
6469,False
6470,False
6471,False
6472,False
6473,False
6474,False
6475,False
6476,False
6477,False
6478,False
6479,False
6480,False
6481,False
6482,False
6483,False
6484,False
6485,False
6486,False
6487,False
6488,False
6489,False
6490,False
6491,False
6492,False
6493,False
6494,False
6495,False
6496,False
6497,False
6498,False
6499,False
6500,False
6501,False
6502,False
6503,False
6504,False
6505,False
6506,False
6507,False
6508,False
6509,False
6510,False
6511,False
6512,False
6513,False
6514,False
6515,False
6516,False
6517,False
6518,False
6519,False
6520,False
6521,False
6522,False
6523,False
6524,False
6525,False
6526,False
6527,False
6528,False
6529,False
6530,False
6531,False
6532,False
6533,False
6534,False
6535,False
6536,False
6537,False
6538,False
6539,False
6540,False
6541,False
6542,False
6543,False
6544,False
6545,False
6546,False
6547,False
6548,False
6549,False
6550,False
6551,False
6552,False
6553,False
6554,False
6555,False
6556,False
6557,False
6558,False
6559,False
6560,False
6561,False
6562,False
6563,False
6564,False
6565,False
6566,False
6567,False
6568,False
6569,False
6570,False
6571,False
6572,False
6573,False
6574,False
6575,False
6576,False
6577,False
6578,False
6579,False
6580,False
6581,False
6582,False
6583,False
6584,False
6585,False
6586,False
6587,False
6588,False
6589,False
6590,False
6591,False
6592,False
6593,False
6594,False
6595,False
6596,False
6597,False
6598,False
6599,False
6600,False
6601,False
6602,False
6603,False
6604,False
6605,False
6606,False
6607,False
6608,False
6609,False
6610,False
6611,False
6612,False
6613,False
6614,False
6615,False
6616,False
6617,False
6618,False
6619,False
6620,False
6621,False
6622,False
6623,False
6624,False
6625,False
6626,False
6627,False
6628,False
6629,False
6630,False
6631,False
6632,False
6633,False
6634,False
6635,False
6636,False
6637,False
6638,False
6639,False
6640,False
6641,False
6642,False
6643,False
6644,False
6645,False
6646,False
6647,False
6648,False
6649,False
6650,False
6651,False
6652,False
6653,False
6654,False
6655,False
6656,False
6657,False
6658,False
6659,False
6660,False
6661,False
6662,False
6663,False
6664,False
6665,False
6666,False
6667,False
6668,False
6669,False
6670,False
6671,False
6672,False
6673,False
6674,False
6675,False
6676,False
6677,False
6678,False
6679,False
6680,False
6681,False
6682,False
6683,False
6684,False
6685,False
6686,False
6687,False
6688,False
6689,False
6690,False
6691,False
6692,False
6693,False
6694,False
6695,False
6696,False
6697,False
6698,False
6699,False
6700,False
6701,False
6702,False
6703,False
6704,False
6705,False
6706,False
6707,False
6708,False
6709,False
6710,False
6711,False
6712,False
6713,False
6714,False
6715,False
6716,False
6717,False
6718,False
6719,False
6720,False
6721,False
6722,False
6723,False
6724,False
6725,False
6726,False
6727,False
6728,False
6729,False
6730,False
6731,False
6732,False
6733,False
6734,False
6735,False
6736,False
6737,False
6738,False
6739,False
6740,False
6741,False
6742,False
6743,False
6744,False
6745,False
6746,False
6747,False
6748,False
6749,False
6750,False
6751,False
6752,False
6753,False
6754,False
6755,False
6756,False
6757,False
6758,False
6759,False
6760,False
6761,False
6762,False
6763,False
6764,False
6765,False
6766,False
6767,False
6768,False
6769,False
6770,False
6771,False
6772,False
6773,False
6774,False
6775,False
6776,False
6777,False
6778,False
6779,False
6780,False
6781,False
6782,False
6783,False
6784,False
6785,False
6786,False
6787,False
6788,False
6789,False
6790,False
6791,False
6792,False
6793,False
6794,False
6795,False
6796,False
6797,False
6798,False
6799,False
6800,False
6801,False
6802,False
6803,False
6804,False
6805,False
6806,False
6807,False
6808,False
6809,False
6810,False
6811,False
6812,False
6813,False
6814,False
6815,False
6816,False
6817,False
6818,False
6819,False
6820,False
6821,False
6822,False
6823,False
6824,False
6825,False
6826,False
6827,False
6828,False
6829,False
6830,False
6831,False
6832,False
6833,False
6834,False
6835,False
6836,False
6837,False
6838,False
6839,False
6840,False
6841,False
6842,False
6843,False
6844,False
6845,False
6846,False
6847,False
6848,False
6849,False
6850,False
6851,False
6852,False
6853,False
6854,False
6855,False
6856,False
6857,False
6858,False
6859,False
6860,False
6861,False
6862,False
6863,False
6864,False
6865,False
6866,False
6867,False
6868,False
6869,False
6870,False
6871,False
6872,False
6873,False
6874,False
6875,False
6876,False
6877,False
6878,False
6879,False
6880,False
6881,False
6882,False
6883,False
6884,False
6885,False
6886,False
6887,False
6888,False
6889,False
6890,False
6891,False
6892,False
6893,False
6894,False
6895,False
6896,False
6897,False
6898,False
6899,False
6900,False
6901,False
6902,False
6903,False
6904,False
6905,False
6906,False
6907,False
6908,False
6909,False
6910,False
6911,False
6912,False
6913,False
6914,False
6915,False
6916,False
6917,False
6918,False
6919,False
6920,False
6921,False
6922,False
6923,False
6924,False
6925,False
6926,False
6927,False
6928,False
6929,False
6930,False
6931,False
6932,False
6933,False
6934,False
6935,False
6936,False
6937,False
6938,False
6939,False
6940,False
6941,False
6942,False
6943,False
6944,False
6945,False
6946,False
6947,False
6948,False
6949,False
6950,False
6951,False
6952,False
6953,False
6954,False
6955,False
6956,False
6957,False
6958,False
6959,False
6960,False
6961,False
6962,False
6963,False
6964,False
6965,False
6966,False
6967,False
6968,False
6969,False
6970,False
6971,False
6972,False
6973,False
6974,False
6975,False
6976,False
6977,False
6978,False
6979,False
6980,False
6981,False
6982,False
6983,False
6984,False
6985,False
6986,False
6987,False
6988,False
6989,False
6990,False
6991,False
6992,False
6993,False
6994,False
6995,False
6996,False
6997,False
6998,False
6999,False
7000,False
7001,False
7002,False
7003,False
7004,False
7005,False
7006,False
7007,False
7008,False
7009,False
7010,False
7011,False
7012,False
7013,False
7014,False
7015,False
7016,False
7017,False
7018,False
7019,False
7020,False
7021,False
7022,False
7023,False
7024,False
7025,False
7026,False
7027,False
7028,False
7029,False
7030,False
7031,False
7032,False
7033,False
7034,False
7035,False
7036,False
7037,False
7038,False
7039,False
7040,False
7041,False
7042,False
7043,False
7044,False
7045,False
7046,False
7047,False
7048,False
7049,False
7050,False
7051,False
7052,False
7053,False
7054,False
7055,False
7056,False
7057,False
7058,False
7059,False
7060,False
7061,False
7062,False
7063,False
7064,False
7065,False
7066,False
7067,False
7068,False
7069,False
7070,False
7071,False
7072,False
7073,False
7074,False
7075,False
7076,False
7077,False
7078,False
7079,False
7080,False
7081,False
7082,False
7083,False
7084,False
7085,False
7086,False
7087,False
7088,False
7089,False
7090,False
7091,False
7092,False
7093,False
7094,False
7095,False
7096,False
7097,False
7098,False
7099,False
7100,False
